[
    [
        [
            48344889,
            25955514,
            0,
            1,
            0
        ],
        [
            48344793,
            25955309,
            1848,
            0,
            0
        ],
        [
            48344844,
            25955251,
            2560,
            0,
            0
        ],
        [
            48344871,
            25955222,
            2927,
            0,
            0
        ],
        [
            48345009,
            25955068,
            4831,
            0,
            0
        ],
        [
            48345151,
            25954866,
            7004,
            0,
            0
        ],
        [
            48345480,
            25955100,
            11053,
            0,
            0
        ],
        [
            48345710,
            25955240,
            13812,
            0,
            0
        ],
        [
            48346010,
            25955410,
            17376,
            0,
            0
        ],
        [
            48346170,
            25955490,
            19251,
            0,
            0
        ],
        [
            48346770,
            25955810,
            26329,
            0,
            0
        ],
        [
            48347040,
            25955950,
            29505,
            0,
            0
        ],
        [
            48347260,
            25956080,
            32133,
            0,
            0
        ],
        [
            48347520,
            25956180,
            35117,
            0,
            0
        ],
        [
            48347560,
            25956204,
            35595,
            0,
            0
        ],
        [
            48347560,
            25956350,
            36673,
            0,
            0
        ],
        [
            48347545,
            25956565,
            38271,
            0,
            0
        ],
        [
            48347545,
            25956572,
            38378,
            0,
            0
        ],
        [
            48347544,
            25956579,
            38661,
            1,
            0
        ],
        [
            48347532,
            25956750,
            38945,
            0,
            0
        ],
        [
            48347520,
            25956920,
            41477,
            0,
            0
        ],
        [
            48347509,
            25957057,
            42494,
            0,
            0
        ],
        [
            48347437,
            25957854,
            48441,
            0,
            0
        ],
        [
            48347365,
            25958556,
            53686,
            0,
            0
        ],
        [
            48347298,
            25959229,
            58717,
            0,
            0
        ],
        [
            48347285,
            25959394,
            59946,
            0,
            0
        ],
        [
            48347192,
            25959365,
            61008,
            0,
            0
        ],
        [
            48347067,
            25959309,
            62461,
            0,
            0
        ],
        [
            48346910,
            25959240,
            64276,
            0,
            0
        ],
        [
            48346820,
            25959210,
            65301,
            0,
            0
        ],
        [
            48346740,
            25959210,
            66190,
            0,
            0
        ],
        [
            48346660,
            25959210,
            67080,
            0,
            0
        ],
        [
            48346530,
            25959230,
            68533,
            0,
            0
        ],
        [
            48346140,
            25959330,
            72932,
            0,
            0
        ],
        [
            48346004,
            25959378,
            74484,
            0,
            0
        ],
        [
            48345945,
            25959399,
            75836,
            0,
            0
        ],
        [
            48345886,
            25959420,
            76496,
            1,
            0
        ],
        [
            48345703,
            25959485,
            77157,
            0,
            0
        ],
        [
            48345520,
            25959550,
            81336,
            0,
            0
        ],
        [
            48345460,
            25959570,
            82020,
            0,
            0
        ],
        [
            48345160,
            25959720,
            85535,
            0,
            0
        ],
        [
            48345070,
            25959780,
            86629,
            0,
            0
        ],
        [
            48344960,
            25959840,
            87930,
            0,
            0
        ],
        [
            48344510,
            25960160,
            93464,
            0,
            0
        ],
        [
            48344460,
            25960180,
            94040,
            0,
            0
        ],
        [
            48344380,
            25960210,
            94956,
            0,
            0
        ],
        [
            48344070,
            25960200,
            98404,
            0,
            0
        ],
        [
            48343900,
            25960180,
            100300,
            0,
            0
        ],
        [
            48343110,
            25960110,
            109099,
            0,
            0
        ],
        [
            48342650,
            25960080,
            114219,
            0,
            0
        ],
        [
            48342560,
            25960070,
            115222,
            0,
            0
        ],
        [
            48342450,
            25960060,
            116448,
            0,
            0
        ],
        [
            48342350,
            25960040,
            117569,
            0,
            0
        ],
        [
            48342250,
            25960010,
            118703,
            0,
            0
        ],
        [
            48342160,
            25959960,
            119770,
            0,
            0
        ],
        [
            48342123,
            25959939,
            120210,
            0,
            0
        ],
        [
            48342090,
            25959920,
            120602,
            0,
            0
        ],
        [
            48342070,
            25959900,
            121154,
            0,
            0
        ],
        [
            48342049,
            25959879,
            121850,
            1,
            0
        ],
        [
            48342020,
            25959850,
            122547,
            0,
            0
        ],
        [
            48341990,
            25959820,
            123330,
            0,
            0
        ],
        [
            48341970,
            25959810,
            123564,
            0,
            0
        ],
        [
            48341900,
            25959770,
            124397,
            0,
            0
        ],
        [
            48341870,
            25959770,
            124730,
            0,
            0
        ],
        [
            48341822,
            25959763,
            125271,
            0,
            0
        ],
        [
            48341490,
            25959850,
            129014,
            0,
            0
        ],
        [
            48341100,
            25960010,
            133509,
            0,
            0
        ],
        [
            48340996,
            25960061,
            135938,
            0,
            0
        ],
        [
            48340892,
            25960111,
            136760,
            1,
            0
        ],
        [
            48340892,
            25960111,
            137581,
            0,
            0
        ],
        [
            48340892,
            25960111,
            137581,
            0,
            0
        ],
        [
            48340440,
            25960330,
            142860,
            0,
            0
        ],
        [
            48339660,
            25960760,
            152097,
            0,
            0
        ],
        [
            48339210,
            25961040,
            157512,
            0,
            0
        ],
        [
            48339040,
            25961130,
            159516,
            0,
            0
        ],
        [
            48338870,
            25961170,
            161429,
            0,
            0
        ],
        [
            48338700,
            25961200,
            163332,
            0,
            0
        ],
        [
            48338550,
            25961250,
            165040,
            0,
            0
        ],
        [
            48338400,
            25961300,
            166749,
            0,
            0
        ],
        [
            48338240,
            25961360,
            168582,
            0,
            0
        ],
        [
            48337860,
            25961560,
            173058,
            0,
            0
        ],
        [
            48337550,
            25961700,
            176657,
            0,
            0
        ],
        [
            48336900,
            25962050,
            184334,
            0,
            0
        ],
        [
            48336250,
            25962400,
            192010,
            0,
            0
        ],
        [
            48336000,
            25962530,
            194951,
            0,
            0
        ],
        [
            48335820,
            25962630,
            197085,
            0,
            0
        ],
        [
            48335580,
            25962770,
            199947,
            0,
            0
        ],
        [
            48335370,
            25962900,
            202472,
            0,
            0
        ],
        [
            48335350,
            25962910,
            202706,
            0,
            0
        ],
        [
            48335109,
            25963049,
            205573,
            0,
            0
        ],
        [
            48334900,
            25963170,
            208066,
            0,
            0
        ],
        [
            48334800,
            25963219,
            210401,
            0,
            0
        ],
        [
            48334700,
            25963268,
            211417,
            1,
            0
        ],
        [
            48334545,
            25963344,
            212432,
            0,
            0
        ],
        [
            48334390,
            25963420,
            216062,
            0,
            0
        ],
        [
            48334260,
            25963480,
            217574,
            0,
            0
        ],
        [
            48334190,
            25963520,
            218406,
            0,
            0
        ],
        [
            48334100,
            25963580,
            219501,
            0,
            0
        ],
        [
            48334010,
            25963640,
            220595,
            0,
            0
        ],
        [
            48333910,
            25963720,
            221855,
            0,
            0
        ],
        [
            48333830,
            25963780,
            222849,
            0,
            0
        ],
        [
            48333740,
            25963880,
            224093,
            0,
            0
        ],
        [
            48333670,
            25963950,
            225027,
            0,
            0
        ],
        [
            48333610,
            25964030,
            225919,
            0,
            0
        ],
        [
            48333560,
            25964100,
            226678,
            0,
            0
        ],
        [
            48333510,
            25964190,
            227545,
            0,
            0
        ],
        [
            48333470,
            25964280,
            228345,
            0,
            0
        ],
        [
            48333430,
            25964380,
            229208,
            0,
            0
        ],
        [
            48333390,
            25964500,
            230200,
            0,
            0
        ],
        [
            48333260,
            25964930,
            233692,
            0,
            0
        ],
        [
            48332940,
            25965960,
            242096,
            0,
            0
        ],
        [
            48332740,
            25966590,
            247257,
            0,
            0
        ],
        [
            48332680,
            25966730,
            248488,
            0,
            0
        ],
        [
            48332640,
            25966810,
            249228,
            0,
            0
        ],
        [
            48332580,
            25966930,
            250338,
            0,
            0
        ],
        [
            48332490,
            25967050,
            251675,
            0,
            0
        ],
        [
            48332420,
            25967150,
            252748,
            0,
            0
        ],
        [
            48332020,
            25967590,
            258258,
            0,
            0
        ],
        [
            48331912,
            25967712,
            259759,
            0,
            0
        ],
        [
            48331860,
            25967770,
            260480,
            0,
            0
        ],
        [
            48331540,
            25968130,
            264923,
            0,
            0
        ],
        [
            48331320,
            25968360,
            267902,
            0,
            0
        ],
        [
            48331265,
            25968428,
            269479,
            0,
            0
        ],
        [
            48331210,
            25968495,
            270143,
            1,
            0
        ],
        [
            48331090,
            25968643,
            270808,
            0,
            0
        ],
        [
            48330970,
            25968790,
            274256,
            0,
            0
        ],
        [
            48330940,
            25968830,
            274702,
            0,
            0
        ],
        [
            48330890,
            25968890,
            275413,
            0,
            0
        ],
        [
            48329750,
            25970580,
            293210,
            0,
            0
        ],
        [
            48329110,
            25971510,
            303105,
            0,
            0
        ],
        [
            48328360,
            25972640,
            314908,
            0,
            0
        ],
        [
            48327660,
            25973630,
            325592,
            0,
            0
        ],
        [
            48327400,
            25974020,
            329675,
            0,
            0
        ],
        [
            48327200,
            25974320,
            332816,
            0,
            0
        ],
        [
            48327164,
            25974390,
            333472,
            0,
            0
        ],
        [
            48327043,
            25974574,
            335378,
            0,
            0
        ],
        [
            48326974,
            25974680,
            336481,
            0,
            0
        ],
        [
            48326887,
            25974848,
            339628,
            0,
            0
        ],
        [
            48326799,
            25975015,
            339912,
            1,
            0
        ],
        [
            48326785,
            25975043,
            340196,
            0,
            0
        ],
        [
            48326770,
            25975070,
            340716,
            0,
            0
        ],
        [
            48326405,
            25975753,
            347191,
            0,
            0
        ],
        [
            48326360,
            25975650,
            348100,
            0,
            0
        ],
        [
            48326310,
            25975520,
            349211,
            0,
            0
        ],
        [
            48326220,
            25975230,
            351577,
            0,
            0
        ],
        [
            48326040,
            25974680,
            356109,
            0,
            0
        ],
        [
            48325720,
            25973630,
            364648,
            0,
            0
        ],
        [
            48325410,
            25972570,
            373209,
            0,
            0
        ],
        [
            48325340,
            25972320,
            375214,
            0,
            0
        ],
        [
            48325300,
            25972140,
            376617,
            0,
            0
        ],
        [
            48325270,
            25972010,
            377635,
            0,
            0
        ],
        [
            48325260,
            25971950,
            378092,
            0,
            0
        ],
        [
            48325220,
            25971700,
            379993,
            0,
            0
        ],
        [
            48325190,
            25971420,
            382090,
            0,
            0
        ],
        [
            48325130,
            25970870,
            386210,
            0,
            0
        ],
        [
            48325050,
            25970280,
            390662,
            0,
            0
        ],
        [
            48324980,
            25969820,
            394151,
            0,
            0
        ],
        [
            48324880,
            25969170,
            399083,
            0,
            0
        ],
        [
            48324460,
            25966990,
            415863,
            0,
            0
        ],
        [
            48324250,
            25965880,
            424395,
            0,
            0
        ],
        [
            48324214,
            25965694,
            427256,
            0,
            0
        ],
        [
            48324178,
            25965508,
            428677,
            1,
            0
        ],
        [
            48324146,
            25965343,
            430097,
            0,
            0
        ],
        [
            48324114,
            25965178,
            432644,
            0,
            0
        ],
        [
            48324080,
            25965000,
            434011,
            0,
            0
        ],
        [
            48323970,
            25964410,
            438541,
            0,
            0
        ],
        [
            48323930,
            25964200,
            440156,
            0,
            0
        ],
        [
            48323851,
            25963805,
            443207,
            0,
            0
        ],
        [
            48323700,
            25962970,
            449603,
            0,
            0
        ],
        [
            48323669,
            25962809,
            450840,
            0,
            0
        ],
        [
            48323654,
            25962720,
            451524,
            0,
            0
        ],
        [
            48323432,
            25961419,
            461456,
            0,
            0
        ],
        [
            48323270,
            25960620,
            467627,
            0,
            0
        ],
        [
            48323232,
            25960416,
            469191,
            0,
            0
        ],
        [
            48323001,
            25959256,
            478149,
            0,
            0
        ],
        [
            48322720,
            25957830,
            489142,
            0,
            0
        ],
        [
            48322600,
            25957250,
            493633,
            0,
            0
        ],
        [
            48322590,
            25957194,
            494492,
            0,
            0
        ],
        [
            48322580,
            25957138,
            495836,
            1,
            0
        ],
        [
            48322500,
            25956679,
            497179,
            0,
            0
        ],
        [
            48322420,
            25956220,
            504194,
            0,
            0
        ],
        [
            48322280,
            25955500,
            509740,
            0,
            0
        ],
        [
            48322101,
            25954538,
            517127,
            0,
            0
        ],
        [
            48321940,
            25953670,
            523789,
            0,
            0
        ],
        [
            48321910,
            25953500,
            525089,
            0,
            0
        ],
        [
            48321770,
            25952780,
            530635,
            0,
            0
        ],
        [
            48321590,
            25951860,
            537726,
            0,
            0
        ],
        [
            48321247,
            25950036,
            565758,
            0,
            0
        ],
        [
            48320903,
            25948212,
            567271,
            1,
            0
        ],
        [
            48320874,
            25948054,
            568783,
            0,
            0
        ],
        [
            48320844,
            25947895,
            571214,
            0,
            0
        ],
        [
            48320710,
            25947188,
            576654,
            0,
            0
        ],
        [
            48320701,
            25947144,
            576989,
            0,
            0
        ],
        [
            48320694,
            25947097,
            577350,
            0,
            0
        ],
        [
            48320682,
            25947029,
            577869,
            0,
            0
        ],
        [
            48320640,
            25946810,
            579554,
            0,
            0
        ],
        [
            48320290,
            25945040,
            593207,
            0,
            0
        ],
        [
            48320270,
            25944950,
            593909,
            0,
            0
        ],
        [
            48320200,
            25944590,
            596682,
            0,
            0
        ],
        [
            48320090,
            25944040,
            600929,
            0,
            0
        ],
        [
            48319900,
            25942980,
            609046,
            0,
            0
        ],
        [
            48319760,
            25942250,
            614663,
            0,
            0
        ],
        [
            48319650,
            25941740,
            618627,
            0,
            0
        ],
        [
            48319600,
            25941480,
            620629,
            0,
            0
        ],
        [
            48319460,
            25940730,
            626388,
            0,
            0
        ],
        [
            48319410,
            25940530,
            627968,
            0,
            0
        ],
        [
            48319370,
            25940330,
            629512,
            0,
            0
        ],
        [
            48319320,
            25940090,
            631372,
            0,
            0
        ],
        [
            48319220,
            25939560,
            635445,
            0,
            0
        ],
        [
            48319160,
            25939250,
            637833,
            0,
            0
        ],
        [
            48319060,
            25938680,
            642191,
            0,
            0
        ],
        [
            48319039,
            25938554,
            644119,
            0,
            0
        ],
        [
            48319017,
            25938427,
            645363,
            1,
            0
        ],
        [
            48319004,
            25938349,
            646607,
            0,
            0
        ],
        [
            48318990,
            25938270,
            647809,
            0,
            0
        ],
        [
            48318850,
            25937564,
            653255,
            0,
            0
        ],
        [
            48318790,
            25937250,
            655672,
            0,
            0
        ],
        [
            48318769,
            25937139,
            656525,
            0,
            0
        ],
        [
            48318700,
            25936780,
            659289,
            0,
            0
        ],
        [
            48318560,
            25936050,
            664906,
            0,
            0
        ],
        [
            48318510,
            25935800,
            666836,
            0,
            0
        ],
        [
            48318433,
            25935425,
            669741,
            0,
            0
        ],
        [
            48318310,
            25934790,
            674629,
            0,
            0
        ],
        [
            48318220,
            25934270,
            678602,
            0,
            0
        ],
        [
            48318070,
            25933500,
            684534,
            0,
            0
        ],
        [
            48317930,
            25932720,
            690508,
            0,
            0
        ],
        [
            48317910,
            25932620,
            691280,
            0,
            0
        ],
        [
            48317800,
            25932010,
            695954,
            0,
            0
        ],
        [
            48317711,
            25931559,
            699431,
            0,
            0
        ],
        [
            48317690,
            25931450,
            700271,
            0,
            0
        ],
        [
            48317658,
            25931281,
            702871,
            0,
            0
        ],
        [
            48317625,
            25931112,
            703483,
            1,
            0
        ],
        [
            48317518,
            25930551,
            704094,
            0,
            0
        ],
        [
            48317410,
            25929990,
            712729,
            0,
            0
        ],
        [
            48317340,
            25929670,
            715220,
            0,
            0
        ],
        [
            48317170,
            25928770,
            722138,
            0,
            0
        ],
        [
            48317150,
            25928700,
            722701,
            0,
            0
        ],
        [
            48317060,
            25928210,
            726460,
            0,
            0
        ],
        [
            48317032,
            25928050,
            728918,
            0,
            0
        ],
        [
            48317003,
            25927889,
            729840,
            1,
            0
        ],
        [
            48316977,
            25927740,
            730761,
            0,
            0
        ],
        [
            48316950,
            25927590,
            733048,
            0,
            0
        ],
        [
            48316880,
            25927220,
            735892,
            0,
            0
        ],
        [
            48316670,
            25926150,
            744142,
            0,
            0
        ],
        [
            48316600,
            25925770,
            747057,
            0,
            0
        ],
        [
            48316540,
            25925450,
            749516,
            0,
            0
        ],
        [
            48316370,
            25924610,
            756008,
            0,
            0
        ],
        [
            48316280,
            25924180,
            759341,
            0,
            0
        ],
        [
            48316270,
            25924140,
            759657,
            0,
            0
        ],
        [
            48316220,
            25923880,
            761659,
            0,
            0
        ],
        [
            48316150,
            25923520,
            764432,
            0,
            0
        ],
        [
            48316144,
            25923486,
            764696,
            0,
            0
        ],
        [
            48316114,
            25923314,
            767323,
            0,
            0
        ],
        [
            48316083,
            25923142,
            768494,
            1,
            0
        ],
        [
            48316062,
            25923021,
            769665,
            0,
            0
        ],
        [
            48316040,
            25922900,
            771519,
            0,
            0
        ],
        [
            48315990,
            25922640,
            773520,
            0,
            0
        ],
        [
            48315939,
            25922251,
            776452,
            0,
            0
        ],
        [
            48315929,
            25922193,
            776892,
            0,
            0
        ],
        [
            48315956,
            25922087,
            777732,
            0,
            0
        ],
        [
            48315870,
            25921450,
            782535,
            0,
            0
        ],
        [
            48315777,
            25920951,
            786368,
            0,
            0
        ],
        [
            48315740,
            25920800,
            787556,
            0,
            0
        ],
        [
            48315710,
            25920710,
            788301,
            0,
            0
        ],
        [
            48315680,
            25920630,
            788980,
            0,
            0
        ],
        [
            48315640,
            25920560,
            789662,
            0,
            0
        ],
        [
            48315580,
            25920430,
            790832,
            0,
            0
        ],
        [
            48315490,
            25920280,
            792326,
            0,
            0
        ],
        [
            48315350,
            25920090,
            794423,
            0,
            0
        ],
        [
            48315190,
            25919910,
            796645,
            0,
            0
        ],
        [
            48315070,
            25919820,
            798136,
            0,
            0
        ],
        [
            48314990,
            25919760,
            799130,
            0,
            0
        ],
        [
            48314880,
            25919660,
            800559,
            0,
            0
        ],
        [
            48314820,
            25919600,
            801361,
            0,
            0
        ],
        [
            48314800,
            25919570,
            801675,
            0,
            0
        ],
        [
            48314780,
            25919540,
            801989,
            0,
            0
        ],
        [
            48314760,
            25919490,
            802420,
            0,
            0
        ],
        [
            48314732,
            25919379,
            803298,
            0,
            0
        ],
        [
            48314750,
            25919315,
            803808,
            0,
            0
        ],
        [
            48314761,
            25919242,
            804364,
            0,
            0
        ],
        [
            48314767,
            25919155,
            805013,
            0,
            0
        ],
        [
            48314761,
            25919079,
            805577,
            0,
            0
        ],
        [
            48314760,
            25919073,
            805667,
            0,
            0
        ],
        [
            48314759,
            25919067,
            806729,
            1,
            0
        ],
        [
            48314751,
            25919028,
            807792,
            0,
            0
        ],
        [
            48314743,
            25918989,
            808396,
            0,
            0
        ],
        [
            48314730,
            25918940,
            808787,
            0,
            0
        ],
        [
            48314700,
            25918880,
            809342,
            0,
            0
        ],
        [
            48314670,
            25918840,
            809788,
            0,
            0
        ],
        [
            48314640,
            25918800,
            810234,
            0,
            0
        ],
        [
            48314610,
            25918770,
            810635,
            0,
            0
        ],
        [
            48314570,
            25918740,
            811132,
            0,
            0
        ],
        [
            48314530,
            25918720,
            811600,
            0,
            0
        ],
        [
            48314490,
            25918710,
            812051,
            0,
            0
        ],
        [
            48314450,
            25918710,
            812496,
            0,
            0
        ],
        [
            48314410,
            25918720,
            812946,
            0,
            0
        ],
        [
            48314370,
            25918730,
            813397,
            0,
            0
        ],
        [
            48314306,
            25918770,
            814166,
            0,
            0
        ],
        [
            48314274,
            25918799,
            814587,
            0,
            0
        ],
        [
            48314010,
            25918800,
            817519,
            0,
            0
        ],
        [
            48313840,
            25918790,
            819410,
            0,
            0
        ],
        [
            48313807,
            25918783,
            820151,
            0,
            0
        ],
        [
            48313774,
            25918776,
            821544,
            1,
            0
        ],
        [
            48313687,
            25918758,
            822937,
            0,
            0
        ],
        [
            48313600,
            25918740,
            824890,
            0,
            0
        ],
        [
            48313490,
            25918730,
            826115,
            0,
            0
        ],
        [
            48313430,
            25918740,
            826786,
            0,
            0
        ],
        [
            48313320,
            25918751,
            828015,
            0,
            0
        ],
        [
            48312990,
            25918620,
            831807,
            0,
            0
        ],
        [
            48312700,
            25918520,
            835115,
            0,
            0
        ],
        [
            48312680,
            25918510,
            835350,
            0,
            0
        ],
        [
            48312320,
            25918390,
            839450,
            0,
            0
        ],
        [
            48312300,
            25918380,
            839684,
            0,
            0
        ],
        [
            48311940,
            25918230,
            843838,
            0,
            0
        ],
        [
            48311580,
            25918090,
            847972,
            0,
            0
        ],
        [
            48310880,
            25917770,
            856107,
            0,
            0
        ],
        [
            48310680,
            25917690,
            858408,
            0,
            0
        ],
        [
            48310620,
            25917690,
            859076,
            0,
            0
        ],
        [
            48310490,
            25917680,
            860523,
            0,
            0
        ],
        [
            48310420,
            25917680,
            861301,
            0,
            0
        ],
        [
            48310360,
            25917690,
            861972,
            0,
            0
        ],
        [
            48310310,
            25917710,
            862548,
            0,
            0
        ],
        [
            48310300,
            25917700,
            862681,
            0,
            0
        ],
        [
            48310270,
            25917700,
            863015,
            0,
            0
        ],
        [
            48310220,
            25917700,
            863571,
            0,
            0
        ],
        [
            48310200,
            25917700,
            863793,
            0,
            0
        ],
        [
            48310190,
            25917700,
            863905,
            0,
            0
        ],
        [
            48310180,
            25917700,
            864016,
            0,
            0
        ],
        [
            48310160,
            25917700,
            864238,
            0,
            0
        ],
        [
            48310150,
            25917710,
            864372,
            0,
            0
        ],
        [
            48310140,
            25917720,
            864505,
            0,
            0
        ],
        [
            48310130,
            25917720,
            864616,
            0,
            0
        ],
        [
            48310110,
            25917730,
            864851,
            0,
            0
        ],
        [
            48310090,
            25917760,
            865165,
            0,
            0
        ],
        [
            48310080,
            25917770,
            865298,
            0,
            0
        ],
        [
            48310070,
            25917790,
            865483,
            0,
            0
        ],
        [
            48310060,
            25917800,
            865617,
            0,
            0
        ],
        [
            48310050,
            25917820,
            865802,
            0,
            0
        ],
        [
            48310040,
            25917840,
            865987,
            0,
            0
        ],
        [
            48310030,
            25917870,
            866236,
            0,
            0
        ],
        [
            48310019,
            25917879,
            866511,
            0,
            0
        ],
        [
            48310008,
            25917888,
            867602,
            1,
            0
        ],
        [
            48309959,
            25917929,
            868693,
            0,
            0
        ],
        [
            48309910,
            25917970,
            869943,
            0,
            0
        ],
        [
            48309790,
            25918060,
            871434,
            0,
            0
        ],
        [
            48309740,
            25918110,
            872102,
            0,
            0
        ],
        [
            48309700,
            25918160,
            872680,
            0,
            0
        ],
        [
            48309680,
            25918180,
            872947,
            0,
            0
        ],
        [
            48309666,
            25918227,
            873328,
            0,
            0
        ],
        [
            48309240,
            25918470,
            878398,
            0,
            0
        ],
        [
            48308670,
            25918750,
            885066,
            0,
            0
        ],
        [
            48308250,
            25918980,
            890036,
            0,
            0
        ],
        [
            48308070,
            25919070,
            892145,
            0,
            0
        ],
        [
            48307790,
            25919240,
            895503,
            0,
            0
        ],
        [
            48307760,
            25919260,
            895867,
            0,
            0
        ],
        [
            48307600,
            25919370,
            897824,
            0,
            0
        ],
        [
            48307340,
            25919570,
            901071,
            0,
            0
        ],
        [
            48307170,
            25919740,
            903341,
            0,
            0
        ],
        [
            48307080,
            25919840,
            904586,
            0,
            0
        ],
        [
            48306960,
            25919970,
            906230,
            0,
            0
        ],
        [
            48306760,
            25920240,
            909219,
            0,
            0
        ],
        [
            48306630,
            25920450,
            911340,
            0,
            0
        ],
        [
            48306410,
            25920750,
            914643,
            0,
            0
        ],
        [
            48306373,
            25920800,
            915195,
            0,
            0
        ],
        [
            48306350,
            25920830,
            915535,
            0,
            0
        ],
        [
            48306190,
            25921040,
            917896,
            0,
            0
        ],
        [
            48306040,
            25921230,
            920077,
            0,
            0
        ],
        [
            48306036,
            25921235,
            920192,
            0,
            0
        ],
        [
            48306032,
            25921240,
            920831,
            1,
            0
        ],
        [
            48305951,
            25921350,
            921471,
            0,
            0
        ],
        [
            48305870,
            25921460,
            923899,
            0,
            0
        ],
        [
            48305750,
            25921590,
            925544,
            0,
            0
        ],
        [
            48305690,
            25921680,
            926486,
            0,
            0
        ],
        [
            48305660,
            25921720,
            926932,
            0,
            0
        ],
        [
            48305640,
            25921760,
            927302,
            0,
            0
        ],
        [
            48305620,
            25921810,
            927734,
            0,
            0
        ],
        [
            48305600,
            25921850,
            928104,
            0,
            0
        ],
        [
            48305573,
            25921954,
            928929,
            0,
            0
        ],
        [
            48305240,
            25923360,
            939968,
            0,
            0
        ],
        [
            48305200,
            25923480,
            940960,
            0,
            0
        ],
        [
            48305170,
            25923560,
            941640,
            0,
            0
        ],
        [
            48305140,
            25923620,
            942195,
            0,
            0
        ],
        [
            48305090,
            25923728,
            943169,
            0,
            0
        ],
        [
            48304440,
            25924130,
            950986,
            0,
            0
        ],
        [
            48304419,
            25924144,
            951508,
            0,
            0
        ],
        [
            48304397,
            25924158,
            952629,
            1,
            0
        ],
        [
            48304069,
            25924369,
            953751,
            0,
            0
        ],
        [
            48303740,
            25924580,
            961694,
            0,
            0
        ],
        [
            48303614,
            25924666,
            963230,
            0,
            0
        ],
        [
            48303360,
            25924840,
            966336,
            0,
            0
        ],
        [
            48303270,
            25924880,
            967380,
            0,
            0
        ],
        [
            48303040,
            25925020,
            970139,
            0,
            0
        ],
        [
            48302787,
            25925197,
            973247,
            0,
            0
        ],
        [
            48302640,
            25925300,
            975045,
            0,
            0
        ],
        [
            48302520,
            25925380,
            976504,
            0,
            0
        ],
        [
            48302440,
            25925440,
            977498,
            0,
            0
        ],
        [
            48302400,
            25925480,
            978033,
            0,
            0
        ],
        [
            48302316,
            25925574,
            979197,
            0,
            0
        ],
        [
            48302260,
            25925690,
            980258,
            0,
            0
        ],
        [
            48302222,
            25925799,
            981171,
            0,
            0
        ],
        [
            48302180,
            25925920,
            982178,
            0,
            0
        ],
        [
            48302122,
            25926104,
            983685,
            0,
            0
        ],
        [
            48301090,
            25929130,
            1008836,
            0,
            0
        ],
        [
            48301075,
            25929168,
            1009164,
            0,
            0
        ],
        [
            48300860,
            25929720,
            1013894,
            0,
            0
        ],
        [
            48300669,
            25930283,
            1023237,
            0,
            0
        ],
        [
            48300478,
            25930845,
            1024469,
            1,
            0
        ],
        [
            48300399,
            25931078,
            1025701,
            0,
            0
        ],
        [
            48300320,
            25931310,
            1029562,
            0,
            0
        ],
        [
            48300030,
            25932160,
            1036628,
            0,
            0
        ],
        [
            48299930,
            25932496,
            1039349,
            0,
            0
        ],
        [
            48299890,
            25932630,
            1040437,
            0,
            0
        ],
        [
            48299779,
            25933178,
            1044673,
            0,
            0
        ],
        [
            48299760,
            25933280,
            1045458,
            0,
            0
        ],
        [
            48299710,
            25933420,
            1046633,
            0,
            0
        ],
        [
            48299650,
            25933550,
            1047803,
            0,
            0
        ],
        [
            48299570,
            25933690,
            1049168,
            0,
            0
        ],
        [
            48299430,
            25933920,
            1051474,
            0,
            0
        ],
        [
            48299060,
            25934530,
            1057580,
            0,
            0
        ],
        [
            48298990,
            25934640,
            1058706,
            0,
            0
        ],
        [
            48298730,
            25935020,
            1062739,
            0,
            0
        ],
        [
            48298600,
            25935200,
            1064704,
            0,
            0
        ],
        [
            48298470,
            25935390,
            1066720,
            0,
            0
        ],
        [
            48298440,
            25935430,
            1067166,
            0,
            0
        ],
        [
            48298300,
            25935610,
            1069214,
            0,
            0
        ],
        [
            48298030,
            25935960,
            1073178,
            0,
            0
        ],
        [
            48297980,
            25936030,
            1073938,
            0,
            0
        ],
        [
            48297690,
            25936370,
            1078027,
            0,
            0
        ],
        [
            48297610,
            25936460,
            1079138,
            0,
            0
        ],
        [
            48297610,
            25936470,
            1079212,
            0,
            0
        ],
        [
            48297483,
            25936697,
            1081407,
            0,
            0
        ],
        [
            48297370,
            25936600,
            1082848,
            0,
            0
        ],
        [
            48297270,
            25936540,
            1084046,
            0,
            0
        ],
        [
            48297120,
            25936460,
            1085815,
            0,
            0
        ],
        [
            48297020,
            25936400,
            1087013,
            0,
            0
        ],
        [
            48296960,
            25936370,
            1087716,
            0,
            0
        ],
        [
            48296840,
            25936320,
            1089100,
            0,
            0
        ],
        [
            48296730,
            25936280,
            1090359,
            0,
            0
        ],
        [
            48296590,
            25936240,
            1091943,
            0,
            0
        ],
        [
            48296460,
            25936220,
            1093396,
            0,
            0
        ],
        [
            48296310,
            25936210,
            1095066,
            0,
            0
        ],
        [
            48296190,
            25936220,
            1096402,
            0,
            0
        ],
        [
            48296120,
            25936220,
            1097180,
            0,
            0
        ],
        [
            48296060,
            25936220,
            1097847,
            0,
            0
        ],
        [
            48295970,
            25936230,
            1098851,
            0,
            0
        ],
        [
            48295870,
            25936250,
            1099972,
            0,
            0
        ],
        [
            48295760,
            25936280,
            1101215,
            0,
            0
        ],
        [
            48294950,
            25936590,
            1110509,
            0,
            0
        ],
        [
            48294900,
            25936617,
            1111701,
            0,
            0
        ],
        [
            48294849,
            25936644,
            1112770,
            1,
            0
        ],
        [
            48294815,
            25936662,
            1113838,
            0,
            0
        ],
        [
            48294780,
            25936680,
            1114651,
            0,
            0
        ],
        [
            48294680,
            25936740,
            1115848,
            0,
            0
        ],
        [
            48294557,
            25936846,
            1117428,
            0,
            0
        ],
        [
            48294528,
            25936834,
            1117755,
            0,
            0
        ],
        [
            48294449,
            25936794,
            1118679,
            0,
            0
        ],
        [
            48294341,
            25936744,
            1119936,
            0,
            0
        ],
        [
            48294310,
            25936730,
            1120301,
            0,
            0
        ],
        [
            48294250,
            25936700,
            1121004,
            0,
            0
        ],
        [
            48293880,
            25936520,
            1125328,
            0,
            0
        ],
        [
            48293680,
            25936420,
            1127672,
            0,
            0
        ],
        [
            48293490,
            25936300,
            1129963,
            0,
            0
        ],
        [
            48293280,
            25936160,
            1132517,
            0,
            0
        ],
        [
            48293140,
            25936060,
            1134241,
            0,
            0
        ],
        [
            48292465,
            25935581,
            1142536,
            0,
            0
        ],
        [
            48292596,
            25935155,
            1146011,
            0,
            0
        ],
        [
            48292660,
            25934830,
            1148515,
            0,
            0
        ],
        [
            48292860,
            25933700,
            1157165,
            0,
            0
        ],
        [
            48292930,
            25933280,
            1160369,
            0,
            0
        ],
        [
            48292976,
            25932971,
            1162710,
            0,
            0
        ],
        [
            48292994,
            25932854,
            1163596,
            0,
            0
        ],
        [
            48292765,
            25932876,
            1168694,
            0,
            0
        ],
        [
            48292536,
            25932897,
            1169481,
            1,
            0
        ],
        [
            48292451,
            25932905,
            1170269,
            0,
            0
        ],
        [
            48292366,
            25932913,
            1172163,
            0,
            0
        ],
        [
            48292180,
            25932930,
            1174238,
            0,
            0
        ],
        [
            48291970,
            25932950,
            1176577,
            0,
            0
        ],
        [
            48291650,
            25933000,
            1180155,
            0,
            0
        ],
        [
            48291470,
            25933020,
            1182162,
            0,
            0
        ],
        [
            48291110,
            25933050,
            1186171,
            0,
            0
        ],
        [
            48290416,
            25933157,
            1193930,
            0,
            0
        ],
        [
            48290447,
            25933700,
            1197958,
            0,
            0
        ],
        [
            48290100,
            25933600,
            1201881,
            0,
            0
        ],
        [
            48289850,
            25933550,
            1204686,
            0,
            0
        ],
        [
            48289770,
            25933530,
            1205587,
            0,
            0
        ],
        [
            48289610,
            25933500,
            1207380,
            0,
            0
        ],
        [
            48289410,
            25933450,
            1209634,
            0,
            0
        ],
        [
            48289220,
            25933410,
            1211768,
            0,
            0
        ],
        [
            48288850,
            25933310,
            1215948,
            0,
            0
        ],
        [
            48288123,
            25933137,
            1224128,
            0,
            0
        ],
        [
            48287982,
            25933097,
            1225724,
            0,
            0
        ],
        [
            48287867,
            25933064,
            1228341,
            0,
            0
        ],
        [
            48287751,
            25933030,
            1228951,
            1,
            0
        ],
        [
            48287607,
            25932989,
            1229561,
            0,
            0
        ],
        [
            48287463,
            25932947,
            1232828,
            0,
            0
        ],
        [
            48287370,
            25933440,
            1236617,
            0,
            0
        ],
        [
            48287278,
            25933997,
            1240859,
            0,
            0
        ],
        [
            48286810,
            25933840,
            1246194,
            0,
            0
        ],
        [
            48285945,
            25933512,
            1256117,
            0,
            0
        ],
        [
            48285860,
            25933482,
            1257088,
            0,
            0
        ],
        [
            48285429,
            25933328,
            1262007,
            0,
            0
        ],
        [
            48285084,
            25933209,
            1265949,
            0,
            0
        ],
        [
            48284789,
            25933110,
            1269303,
            0,
            0
        ],
        [
            48284240,
            25932890,
            1275624,
            0,
            0
        ],
        [
            48283760,
            25932710,
            1281125,
            0,
            0
        ],
        [
            48283450,
            25932580,
            1284703,
            0,
            0
        ],
        [
            48283360,
            25932547,
            1286776,
            0,
            0
        ],
        [
            48283269,
            25932513,
            1287870,
            1,
            0
        ],
        [
            48283115,
            25932457,
            1288965,
            0,
            0
        ],
        [
            48282960,
            25932400,
            1292502,
            0,
            0
        ],
        [
            48282810,
            25932340,
            1294228,
            0,
            0
        ],
        [
            48282650,
            25932300,
            1296031,
            0,
            0
        ],
        [
            48282140,
            25932140,
            1301824,
            0,
            0
        ],
        [
            48281889,
            25932079,
            1304647,
            0,
            0
        ],
        [
            48281810,
            25932060,
            1305541,
            0,
            0
        ],
        [
            48281420,
            25931910,
            1310017,
            0,
            0
        ],
        [
            48281030,
            25931750,
            1314512,
            0,
            0
        ],
        [
            48280657,
            25931607,
            1318787,
            0,
            0
        ],
        [
            48280051,
            25931361,
            1325778,
            0,
            0
        ],
        [
            48279890,
            25931300,
            1327618,
            0,
            0
        ],
        [
            48279540,
            25931160,
            1331645,
            0,
            0
        ],
        [
            48279443,
            25931120,
            1333882,
            0,
            0
        ],
        [
            48279346,
            25931080,
            1334797,
            1,
            0
        ],
        [
            48279273,
            25931050,
            1335712,
            0,
            0
        ],
        [
            48279200,
            25931020,
            1337395,
            0,
            0
        ],
        [
            48278920,
            25930930,
            1340579,
            0,
            0
        ],
        [
            48278630,
            25930810,
            1343924,
            0,
            0
        ],
        [
            48278130,
            25930620,
            1349658,
            0,
            0
        ],
        [
            48276860,
            25930130,
            1364237,
            0,
            0
        ],
        [
            48276801,
            25930108,
            1365585,
            0,
            0
        ],
        [
            48276742,
            25930085,
            1366073,
            1,
            0
        ],
        [
            48276471,
            25929983,
            1366561,
            0,
            0
        ],
        [
            48276200,
            25929880,
            1372781,
            0,
            0
        ],
        [
            48275956,
            25929805,
            1375549,
            0,
            0
        ],
        [
            48275471,
            25929656,
            1381055,
            0,
            0
        ],
        [
            48275346,
            25929613,
            1382483,
            0,
            0
        ],
        [
            48275196,
            25929562,
            1384195,
            0,
            0
        ],
        [
            48274920,
            25929468,
            1387334,
            0,
            0
        ],
        [
            48274374,
            25929275,
            1393574,
            0,
            0
        ],
        [
            48273936,
            25929124,
            1398574,
            0,
            0
        ],
        [
            48273724,
            25929035,
            1401016,
            0,
            0
        ],
        [
            48273495,
            25928929,
            1403684,
            0,
            0
        ],
        [
            48273243,
            25928856,
            1406536,
            0,
            0
        ],
        [
            48272792,
            25928697,
            1411683,
            0,
            0
        ],
        [
            48272385,
            25928560,
            1416321,
            0,
            0
        ],
        [
            48272201,
            25928499,
            1418416,
            0,
            0
        ],
        [
            48271986,
            25928442,
            1420844,
            0,
            0
        ],
        [
            48271640,
            25928300,
            1424835,
            0,
            0
        ],
        [
            48270930,
            25928030,
            1432979,
            0,
            0
        ],
        [
            48270609,
            25927919,
            1436644,
            0,
            0
        ],
        [
            48270410,
            25927850,
            1438912,
            0,
            0
        ],
        [
            48270270,
            25927780,
            1440553,
            0,
            0
        ],
        [
            48270220,
            25927750,
            1441151,
            0,
            0
        ],
        [
            48270100,
            25927720,
            1442504,
            0,
            0
        ],
        [
            48269980,
            25927660,
            1443910,
            0,
            0
        ],
        [
            48269951,
            25927650,
            1444586,
            0,
            0
        ],
        [
            48269921,
            25927640,
            1445619,
            1,
            0
        ],
        [
            48269766,
            25927589,
            1446652,
            0,
            0
        ],
        [
            48269611,
            25927537,
            1450179,
            0,
            0
        ],
        [
            48269500,
            25927520,
            1451419,
            0,
            0
        ],
        [
            48269400,
            25927430,
            1452715,
            0,
            0
        ],
        [
            48269280,
            25927330,
            1454241,
            0,
            0
        ],
        [
            48269131,
            25927091,
            1456662,
            0,
            0
        ],
        [
            48269124,
            25927067,
            1456854,
            0,
            0
        ],
        [
            48269120,
            25927050,
            1456992,
            0,
            0
        ],
        [
            48269110,
            25927030,
            1457177,
            0,
            0
        ],
        [
            48269100,
            25927010,
            1457362,
            0,
            0
        ],
        [
            48269090,
            25926987,
            1457567,
            0,
            0
        ],
        [
            48269080,
            25926970,
            1457733,
            0,
            0
        ],
        [
            48269070,
            25926950,
            1457918,
            0,
            0
        ],
        [
            48269031,
            25926898,
            1458499,
            0,
            0
        ],
        [
            48269004,
            25926869,
            1458869,
            0,
            0
        ],
        [
            48268971,
            25926844,
            1459278,
            0,
            0
        ],
        [
            48268938,
            25926826,
            1459669,
            0,
            0
        ],
        [
            48268910,
            25926812,
            1460000,
            0,
            0
        ],
        [
            48268870,
            25926803,
            1460444,
            0,
            0
        ],
        [
            48268840,
            25926800,
            1460779,
            0,
            0
        ],
        [
            48268810,
            25926803,
            1461113,
            0,
            0
        ],
        [
            48268780,
            25926810,
            1461451,
            0,
            0
        ],
        [
            48268746,
            25926820,
            1461833,
            0,
            0
        ],
        [
            48268692,
            25926855,
            1462485,
            0,
            0
        ],
        [
            48268658,
            25926888,
            1462939,
            0,
            0
        ],
        [
            48268645,
            25926900,
            1463106,
            0,
            0
        ],
        [
            48268603,
            25926957,
            1463731,
            0,
            0
        ],
        [
            48268470,
            25927010,
            1465267,
            0,
            0
        ],
        [
            48268430,
            25927020,
            1465718,
            0,
            0
        ],
        [
            48268370,
            25927020,
            1466385,
            0,
            0
        ],
        [
            48268300,
            25927020,
            1467164,
            0,
            0
        ],
        [
            48268174,
            25927018,
            1468564,
            0,
            0
        ],
        [
            48267880,
            25926990,
            1471840,
            0,
            0
        ],
        [
            48267840,
            25926974,
            1472774,
            0,
            0
        ],
        [
            48267799,
            25926958,
            1474456,
            1,
            0
        ],
        [
            48267765,
            25926944,
            1476138,
            0,
            0
        ],
        [
            48267730,
            25926930,
            1476931,
            0,
            0
        ],
        [
            48267420,
            25926810,
            1480490,
            0,
            0
        ],
        [
            48267250,
            25926760,
            1482416,
            0,
            0
        ],
        [
            48267130,
            25926710,
            1483801,
            0,
            0
        ],
        [
            48266970,
            25926660,
            1485618,
            0,
            0
        ],
        [
            48266830,
            25926620,
            1487203,
            0,
            0
        ],
        [
            48266710,
            25926590,
            1488555,
            0,
            0
        ],
        [
            48266580,
            25926600,
            1490003,
            0,
            0
        ],
        [
            48266400,
            25926620,
            1492010,
            0,
            0
        ],
        [
            48266100,
            25926670,
            1495366,
            0,
            0
        ],
        [
            48265970,
            25926700,
            1496828,
            0,
            0
        ],
        [
            48265700,
            25926740,
            1499845,
            0,
            0
        ],
        [
            48265650,
            25926750,
            1500406,
            0,
            0
        ],
        [
            48265100,
            25926860,
            1506575,
            0,
            0
        ],
        [
            48264990,
            25926870,
            1507800,
            0,
            0
        ],
        [
            48264812,
            25926894,
            1509785,
            0,
            0
        ],
        [
            48264770,
            25926900,
            1510257,
            0,
            0
        ],
        [
            48264579,
            25926920,
            1514514,
            0,
            0
        ],
        [
            48264388,
            25926939,
            1516326,
            1,
            0
        ],
        [
            48264384,
            25926940,
            1518139,
            0,
            0
        ],
        [
            48264380,
            25926940,
            1518227,
            0,
            0
        ],
        [
            48263790,
            25927030,
            1524820,
            0,
            0
        ],
        [
            48263660,
            25927050,
            1526274,
            0,
            0
        ],
        [
            48263150,
            25927130,
            1531975,
            0,
            0
        ],
        [
            48262990,
            25927170,
            1533779,
            0,
            0
        ],
        [
            48262870,
            25927190,
            1535121,
            0,
            0
        ],
        [
            48262820,
            25927200,
            1535682,
            0,
            0
        ],
        [
            48262210,
            25927290,
            1542497,
            0,
            0
        ],
        [
            48261640,
            25927370,
            1548862,
            0,
            0
        ],
        [
            48261520,
            25927400,
            1550215,
            0,
            0
        ],
        [
            48261190,
            25927440,
            1553896,
            0,
            0
        ],
        [
            48260935,
            25927479,
            1556750,
            0,
            0
        ],
        [
            48260860,
            25927490,
            1557584,
            0,
            0
        ],
        [
            48260610,
            25927550,
            1560399,
            0,
            0
        ],
        [
            48260300,
            25927600,
            1563866,
            0,
            0
        ],
        [
            48260292,
            25927602,
            1564048,
            0,
            0
        ],
        [
            48260284,
            25927603,
            1565734,
            1,
            0
        ],
        [
            48260002,
            25927647,
            1567420,
            0,
            0
        ],
        [
            48259720,
            25927690,
            1573721,
            0,
            0
        ],
        [
            48259350,
            25927750,
            1577859,
            0,
            0
        ],
        [
            48259110,
            25927780,
            1580537,
            0,
            0
        ],
        [
            48258580,
            25927870,
            1586468,
            0,
            0
        ],
        [
            48257860,
            25928010,
            1594540,
            0,
            0
        ],
        [
            48257720,
            25928030,
            1596104,
            0,
            0
        ],
        [
            48257623,
            25928042,
            1597185,
            0,
            0
        ],
        [
            48257707,
            25929181,
            1605665,
            0,
            0
        ],
        [
            48257730,
            25929500,
            1608043,
            0,
            0
        ],
        [
            48257750,
            25929780,
            1610127,
            0,
            0
        ],
        [
            48257821,
            25930475,
            1615328,
            0,
            0
        ],
        [
            48257831,
            25930603,
            1617236,
            0,
            0
        ],
        [
            48257840,
            25930730,
            1618059,
            1,
            0
        ],
        [
            48257862,
            25931011,
            1618882,
            0,
            0
        ],
        [
            48257883,
            25931292,
            1623067,
            0,
            0
        ],
        [
            48257970,
            25932200,
            1629857,
            0,
            0
        ],
        [
            48258080,
            25933290,
            1638018,
            0,
            0
        ],
        [
            48258100,
            25933500,
            1639589,
            0,
            0
        ],
        [
            48258140,
            25933790,
            1641781,
            0,
            0
        ],
        [
            48258185,
            25934042,
            1643710,
            0,
            0
        ],
        [
            48258210,
            25934180,
            1644771,
            0,
            0
        ],
        [
            48258260,
            25934450,
            1646846,
            0,
            0
        ],
        [
            48258360,
            25934900,
            1650358,
            0,
            0
        ],
        [
            48258530,
            25935430,
            1654713,
            0,
            0
        ],
        [
            48258830,
            25936210,
            1661381,
            0,
            0
        ],
        [
            48258899,
            25936384,
            1664368,
            0,
            0
        ],
        [
            48258967,
            25936557,
            1664960,
            1,
            0
        ],
        [
            48258974,
            25936574,
            1665552,
            0,
            0
        ],
        [
            48258980,
            25936590,
            1665836,
            0,
            0
        ],
        [
            48259090,
            25936810,
            1667872,
            0,
            0
        ],
        [
            48259350,
            25937320,
            1672627,
            0,
            0
        ],
        [
            48259590,
            25937800,
            1677071,
            0,
            0
        ],
        [
            48259780,
            25938230,
            1680891,
            0,
            0
        ],
        [
            48260010,
            25938740,
            1685451,
            0,
            0
        ],
        [
            48260070,
            25938910,
            1686876,
            0,
            0
        ],
        [
            48260270,
            25939390,
            1691067,
            0,
            0
        ],
        [
            48260440,
            25939850,
            1694962,
            0,
            0
        ],
        [
            48260700,
            25940630,
            1701419,
            0,
            0
        ],
        [
            48260961,
            25941385,
            1707715,
            0,
            0
        ],
        [
            48260900,
            25941470,
            1708641,
            0,
            0
        ],
        [
            48260840,
            25941550,
            1709534,
            0,
            0
        ],
        [
            48260790,
            25941620,
            1710293,
            0,
            0
        ],
        [
            48260750,
            25941700,
            1711034,
            0,
            0
        ],
        [
            48260720,
            25941780,
            1711714,
            0,
            0
        ],
        [
            48260710,
            25941820,
            1712030,
            0,
            0
        ],
        [
            48260690,
            25941900,
            1712663,
            0,
            0
        ],
        [
            48260670,
            25942050,
            1713795,
            0,
            0
        ],
        [
            48260640,
            25942190,
            1714884,
            0,
            0
        ],
        [
            48260610,
            25942350,
            1716114,
            0,
            0
        ],
        [
            48260580,
            25942560,
            1717704,
            0,
            0
        ],
        [
            48260549,
            25942702,
            1718808,
            0,
            0
        ],
        [
            48260420,
            25942780,
            1720353,
            0,
            0
        ],
        [
            48260240,
            25942890,
            1722514,
            0,
            0
        ],
        [
            48260030,
            25943020,
            1725039,
            0,
            0
        ],
        [
            48259880,
            25943120,
            1726864,
            0,
            0
        ],
        [
            48259750,
            25943200,
            1728426,
            0,
            0
        ],
        [
            48259659,
            25943271,
            1729569,
            0,
            0
        ],
        [
            48259520,
            25943380,
            1731310,
            0,
            0
        ],
        [
            48259350,
            25943490,
            1733368,
            0,
            0
        ],
        [
            48259336,
            25943503,
            1733735,
            0,
            0
        ],
        [
            48259322,
            25943515,
            1735328,
            1,
            0
        ],
        [
            48259251,
            25943578,
            1736921,
            0,
            0
        ],
        [
            48259180,
            25943640,
            1738746,
            0,
            0
        ],
        [
            48259050,
            25943810,
            1740663,
            0,
            0
        ],
        [
            48258970,
            25943910,
            1741820,
            0,
            0
        ],
        [
            48258840,
            25944150,
            1744110,
            0,
            0
        ],
        [
            48258740,
            25944350,
            1745962,
            0,
            0
        ],
        [
            48258690,
            25944470,
            1747010,
            0,
            0
        ],
        [
            48258650,
            25944590,
            1748003,
            0,
            0
        ],
        [
            48258600,
            25944730,
            1749179,
            0,
            0
        ],
        [
            48258570,
            25944820,
            1749924,
            0,
            0
        ],
        [
            48258530,
            25944920,
            1750788,
            0,
            0
        ],
        [
            48258490,
            25945010,
            1751589,
            0,
            0
        ],
        [
            48258460,
            25945090,
            1752269,
            0,
            0
        ],
        [
            48258400,
            25945200,
            1753321,
            0,
            0
        ],
        [
            48258360,
            25945270,
            1754004,
            0,
            0
        ],
        [
            48258300,
            25945360,
            1754947,
            0,
            0
        ],
        [
            48258230,
            25945470,
            1756073,
            0,
            0
        ],
        [
            48258140,
            25945580,
            1757364,
            0,
            0
        ],
        [
            48258030,
            25945710,
            1758920,
            0,
            0
        ],
        [
            48257960,
            25945800,
            1759944,
            0,
            0
        ],
        [
            48257841,
            25945942,
            1761631,
            0,
            0
        ],
        [
            48257730,
            25946040,
            1763066,
            0,
            0
        ],
        [
            48257590,
            25946160,
            1764859,
            0,
            0
        ],
        [
            48257410,
            25946320,
            1767184,
            0,
            0
        ],
        [
            48257394,
            25946331,
            1767588,
            0,
            0
        ],
        [
            48257377,
            25946342,
            1768474,
            1,
            1
        ],
        [
            48257286,
            25946402,
            1769360,
            0,
            0
        ],
        [
            48257194,
            25946461,
            1771579,
            0,
            0
        ],
        [
            48256890,
            25946660,
            1775262,
            0,
            0
        ],
        [
            48256740,
            25946700,
            1776956,
            0,
            0
        ],
        [
            48256380,
            25946750,
            1780976,
            0,
            0
        ],
        [
            48256200,
            25946760,
            1782978,
            0,
            0
        ],
        [
            48255960,
            25946770,
            1785648,
            0,
            0
        ],
        [
            48255610,
            25946770,
            1789539,
            0,
            0
        ],
        [
            48255140,
            25946730,
            1794774,
            0,
            0
        ],
        [
            48254720,
            25946690,
            1799453,
            0,
            0
        ],
        [
            48254630,
            25946690,
            1800454,
            0,
            0
        ],
        [
            48254290,
            25946670,
            1804237,
            0,
            0
        ],
        [
            48254240,
            25946660,
            1804798,
            0,
            0
        ],
        [
            48253955,
            25946640,
            1807975,
            0,
            0
        ],
        [
            48253680,
            25946620,
            1811032,
            0,
            0
        ],
        [
            48253400,
            25946610,
            1814146,
            0,
            0
        ],
        [
            48253400,
            25946610,
            1814155,
            0,
            0
        ],
        [
            48253399,
            25946610,
            1815532,
            1,
            1
        ],
        [
            48253265,
            25946605,
            1816910,
            0,
            0
        ],
        [
            48253130,
            25946600,
            1819901,
            0,
            0
        ],
        [
            48252250,
            25946540,
            1829696,
            0,
            0
        ],
        [
            48252090,
            25946550,
            1831476,
            0,
            0
        ],
        [
            48252029,
            25946549,
            1832154,
            0,
            0
        ],
        [
            48251376,
            25946538,
            1839414,
            0,
            0
        ],
        [
            48251310,
            25947540,
            1846868,
            0,
            0
        ],
        [
            48251295,
            25947730,
            1848285,
            0,
            0
        ],
        [
            48251240,
            25948440,
            1853577,
            0,
            0
        ],
        [
            48251220,
            25948980,
            1857581,
            0,
            0
        ],
        [
            48251200,
            25949380,
            1860551,
            0,
            0
        ],
        [
            48251200,
            25949620,
            1862328,
            0,
            0
        ],
        [
            48251190,
            25949900,
            1864404,
            0,
            0
        ],
        [
            48251160,
            25950250,
            1867017,
            0,
            0
        ],
        [
            48251128,
            25950761,
            1870818,
            0,
            0
        ],
        [
            48251053,
            25951893,
            1879236,
            0,
            0
        ],
        [
            48251030,
            25952390,
            1882927,
            0,
            0
        ],
        [
            48251030,
            25952630,
            1884704,
            0,
            0
        ],
        [
            48251060,
            25952840,
            1886294,
            0,
            0
        ],
        [
            48251174,
            25953205,
            1889278,
            0,
            0
        ],
        [
            48251249,
            25953444,
            1893187,
            0,
            0
        ],
        [
            48251324,
            25953682,
            1894523,
            1,
            0
        ],
        [
            48251365,
            25953813,
            1895860,
            0,
            0
        ],
        [
            48251406,
            25953944,
            1898004,
            0,
            0
        ],
        [
            48251701,
            25954890,
            1905733,
            0,
            0
        ],
        [
            48251710,
            25954920,
            1905979,
            0,
            0
        ],
        [
            48252050,
            25956050,
            1915160,
            0,
            0
        ],
        [
            48252100,
            25956200,
            1916402,
            0,
            0
        ],
        [
            48252230,
            25956610,
            1919764,
            0,
            0
        ],
        [
            48252380,
            25957130,
            1923959,
            0,
            0
        ],
        [
            48252686,
            25958076,
            1931748,
            0,
            0
        ],
        [
            48252710,
            25958150,
            1932355,
            0,
            0
        ],
        [
            48252741,
            25958256,
            1934059,
            0,
            0
        ],
        [
            48252771,
            25958361,
            1935336,
            1,
            0
        ],
        [
            48252796,
            25958446,
            1936614,
            0,
            0
        ],
        [
            48252820,
            25958530,
            1937978,
            0,
            0
        ],
        [
            48252950,
            25958960,
            1941474,
            0,
            0
        ],
        [
            48253069,
            25959393,
            1944942,
            0,
            0
        ],
        [
            48253268,
            25960095,
            1950591,
            0,
            0
        ],
        [
            48253450,
            25960740,
            1955777,
            0,
            0
        ],
        [
            48253710,
            25961660,
            1963176,
            0,
            0
        ],
        [
            48253927,
            25962367,
            1968940,
            0,
            0
        ],
        [
            48253850,
            25962620,
            1970998,
            0,
            0
        ],
        [
            48253790,
            25962880,
            1973035,
            0,
            0
        ],
        [
            48253760,
            25963030,
            1974195,
            0,
            0
        ],
        [
            48253730,
            25963290,
            1976148,
            0,
            0
        ],
        [
            48253730,
            25963460,
            1977407,
            0,
            0
        ],
        [
            48253743,
            25963620,
            1978598,
            0,
            0
        ],
        [
            48253830,
            25963520,
            1979815,
            0,
            0
        ],
        [
            48253850,
            25963500,
            1980082,
            0,
            0
        ],
        [
            48253910,
            25963420,
            1980974,
            0,
            0
        ],
        [
            48253990,
            25963290,
            1982285,
            0,
            0
        ],
        [
            48254055,
            25963129,
            1983677,
            0,
            0
        ],
        [
            48254070,
            25963080,
            1984078,
            0,
            0
        ],
        [
            48254070,
            25962940,
            1985114,
            0,
            0
        ],
        [
            48254066,
            25962919,
            1985275,
            0,
            0
        ],
        [
            48254098,
            25962906,
            1985636,
            1,
            0
        ]
    ],
    [
        [
            48254098,
            25962906,
            0,
            1,
            0
        ],
        [
            48254066,
            25962919,
            361,
            0,
            0
        ],
        [
            48254050,
            25962820,
            1115,
            0,
            0
        ],
        [
            48254030,
            25962680,
            2175,
            0,
            0
        ],
        [
            48253980,
            25962540,
            3352,
            0,
            0
        ],
        [
            48253927,
            25962367,
            4762,
            0,
            0
        ],
        [
            48253710,
            25961660,
            10525,
            0,
            0
        ],
        [
            48253450,
            25960740,
            17924,
            0,
            0
        ],
        [
            48253268,
            25960095,
            23110,
            0,
            0
        ],
        [
            48253069,
            25959393,
            28759,
            0,
            0
        ],
        [
            48252950,
            25958960,
            32227,
            0,
            0
        ],
        [
            48252820,
            25958530,
            35724,
            0,
            0
        ],
        [
            48252771,
            25958361,
            37087,
            0,
            0
        ],
        [
            48252710,
            25958150,
            38791,
            0,
            0
        ],
        [
            48252698,
            25958113,
            39399,
            0,
            0
        ],
        [
            48252686,
            25958076,
            39822,
            1,
            0
        ],
        [
            48252533,
            25957603,
            40245,
            0,
            0
        ],
        [
            48252380,
            25957130,
            48034,
            0,
            0
        ],
        [
            48252230,
            25956610,
            52229,
            0,
            0
        ],
        [
            48252100,
            25956200,
            55591,
            0,
            0
        ],
        [
            48252050,
            25956050,
            56833,
            0,
            0
        ],
        [
            48251710,
            25954920,
            66014,
            0,
            0
        ],
        [
            48251701,
            25954890,
            66260,
            0,
            0
        ],
        [
            48251406,
            25953944,
            73989,
            0,
            0
        ],
        [
            48251324,
            25953682,
            76133,
            0,
            0
        ],
        [
            48251249,
            25953444,
            80042,
            0,
            0
        ],
        [
            48251174,
            25953205,
            80383,
            1,
            0
        ],
        [
            48251117,
            25953023,
            80723,
            0,
            0
        ],
        [
            48251060,
            25952840,
            83706,
            0,
            0
        ],
        [
            48251030,
            25952630,
            85296,
            0,
            0
        ],
        [
            48251030,
            25952390,
            87073,
            0,
            0
        ],
        [
            48251053,
            25951893,
            90764,
            0,
            0
        ],
        [
            48251102,
            25951874,
            91328,
            0,
            0
        ],
        [
            48251134,
            25951853,
            91708,
            0,
            0
        ],
        [
            48251179,
            25951800,
            92346,
            0,
            0
        ],
        [
            48251212,
            25951723,
            93022,
            0,
            0
        ],
        [
            48251234,
            25951606,
            93924,
            0,
            0
        ],
        [
            48251246,
            25951279,
            96351,
            0,
            0
        ],
        [
            48251255,
            25951078,
            97844,
            0,
            0
        ],
        [
            48251255,
            25951033,
            98517,
            0,
            0
        ],
        [
            48251255,
            25950987,
            99092,
            1,
            0
        ],
        [
            48251255,
            25950964,
            99667,
            0,
            0
        ],
        [
            48251255,
            25950941,
            100007,
            0,
            0
        ],
        [
            48251239,
            25950844,
            100743,
            0,
            0
        ],
        [
            48251207,
            25950804,
            101209,
            0,
            0
        ],
        [
            48251171,
            25950775,
            101662,
            0,
            0
        ],
        [
            48251128,
            25950761,
            102155,
            0,
            0
        ],
        [
            48251160,
            25950250,
            105957,
            0,
            0
        ],
        [
            48251190,
            25949900,
            108569,
            0,
            0
        ],
        [
            48251200,
            25949620,
            110645,
            0,
            0
        ],
        [
            48251200,
            25949380,
            112422,
            0,
            0
        ],
        [
            48251220,
            25948980,
            115392,
            0,
            0
        ],
        [
            48251240,
            25948440,
            119396,
            0,
            0
        ],
        [
            48251295,
            25947730,
            124688,
            0,
            0
        ],
        [
            48251310,
            25947540,
            126105,
            0,
            0
        ],
        [
            48251376,
            25946538,
            133560,
            0,
            0
        ],
        [
            48252029,
            25946549,
            140819,
            0,
            0
        ],
        [
            48252090,
            25946550,
            141497,
            0,
            0
        ],
        [
            48252250,
            25946540,
            143278,
            0,
            0
        ],
        [
            48253130,
            25946600,
            153072,
            0,
            0
        ],
        [
            48253399,
            25946610,
            156064,
            0,
            0
        ],
        [
            48253400,
            25946610,
            156073,
            0,
            0
        ],
        [
            48253680,
            25946620,
            159188,
            0,
            0
        ],
        [
            48253818,
            25946630,
            162244,
            0,
            0
        ],
        [
            48253955,
            25946640,
            162475,
            1,
            1
        ],
        [
            48254098,
            25946650,
            162706,
            0,
            0
        ],
        [
            48254240,
            25946660,
            165883,
            0,
            0
        ],
        [
            48254290,
            25946670,
            166444,
            0,
            0
        ],
        [
            48254630,
            25946690,
            170227,
            0,
            0
        ],
        [
            48254720,
            25946690,
            171228,
            0,
            0
        ],
        [
            48255140,
            25946730,
            175907,
            0,
            0
        ],
        [
            48255610,
            25946770,
            181142,
            0,
            0
        ],
        [
            48255960,
            25946770,
            185033,
            0,
            0
        ],
        [
            48256200,
            25946760,
            187703,
            0,
            0
        ],
        [
            48256380,
            25946750,
            189706,
            0,
            0
        ],
        [
            48256740,
            25946700,
            193726,
            0,
            0
        ],
        [
            48256890,
            25946660,
            195420,
            0,
            0
        ],
        [
            48257042,
            25946561,
            199103,
            0,
            0
        ],
        [
            48257194,
            25946461,
            200089,
            1,
            1
        ],
        [
            48257286,
            25946402,
            201076,
            0,
            0
        ],
        [
            48257377,
            25946342,
            203295,
            0,
            0
        ],
        [
            48257410,
            25946320,
            203699,
            0,
            0
        ],
        [
            48257590,
            25946160,
            206025,
            0,
            0
        ],
        [
            48257730,
            25946040,
            207817,
            0,
            0
        ],
        [
            48257841,
            25945942,
            209252,
            0,
            0
        ],
        [
            48257960,
            25945800,
            210939,
            0,
            0
        ],
        [
            48258030,
            25945710,
            211963,
            0,
            0
        ],
        [
            48258140,
            25945580,
            213520,
            0,
            0
        ],
        [
            48258230,
            25945470,
            214810,
            0,
            0
        ],
        [
            48258300,
            25945360,
            215936,
            0,
            0
        ],
        [
            48258360,
            25945270,
            216879,
            0,
            0
        ],
        [
            48258400,
            25945200,
            217562,
            0,
            0
        ],
        [
            48258460,
            25945090,
            218614,
            0,
            0
        ],
        [
            48258490,
            25945010,
            219294,
            0,
            0
        ],
        [
            48258530,
            25944920,
            220095,
            0,
            0
        ],
        [
            48258570,
            25944820,
            220959,
            0,
            0
        ],
        [
            48258600,
            25944730,
            221704,
            0,
            0
        ],
        [
            48258650,
            25944590,
            222880,
            0,
            0
        ],
        [
            48258690,
            25944470,
            223873,
            0,
            0
        ],
        [
            48258740,
            25944350,
            224921,
            0,
            0
        ],
        [
            48258840,
            25944150,
            226773,
            0,
            0
        ],
        [
            48258970,
            25943910,
            229063,
            0,
            0
        ],
        [
            48259050,
            25943810,
            230220,
            0,
            0
        ],
        [
            48259180,
            25943640,
            232137,
            0,
            0
        ],
        [
            48259322,
            25943515,
            233962,
            0,
            0
        ],
        [
            48259350,
            25943490,
            234329,
            0,
            0
        ],
        [
            48259520,
            25943380,
            236387,
            0,
            0
        ],
        [
            48259590,
            25943326,
            238128,
            0,
            0
        ],
        [
            48259659,
            25943271,
            239250,
            1,
            0
        ],
        [
            48259705,
            25943236,
            240372,
            0,
            0
        ],
        [
            48259750,
            25943200,
            241514,
            0,
            0
        ],
        [
            48259880,
            25943120,
            243076,
            0,
            0
        ],
        [
            48260030,
            25943020,
            244901,
            0,
            0
        ],
        [
            48260240,
            25942890,
            247427,
            0,
            0
        ],
        [
            48260420,
            25942780,
            249587,
            0,
            0
        ],
        [
            48260549,
            25942702,
            251132,
            0,
            0
        ],
        [
            48260630,
            25942660,
            252087,
            0,
            0
        ],
        [
            48260780,
            25942570,
            253883,
            0,
            0
        ],
        [
            48261000,
            25942440,
            256511,
            0,
            0
        ],
        [
            48261228,
            25942296,
            259258,
            0,
            0
        ],
        [
            48261058,
            25941707,
            264008,
            0,
            0
        ],
        [
            48260961,
            25941385,
            266629,
            0,
            0
        ],
        [
            48260700,
            25940630,
            272925,
            0,
            0
        ],
        [
            48260440,
            25939850,
            279382,
            0,
            0
        ],
        [
            48260270,
            25939390,
            283277,
            0,
            0
        ],
        [
            48260070,
            25938910,
            287468,
            0,
            0
        ],
        [
            48260010,
            25938740,
            288893,
            0,
            0
        ],
        [
            48259780,
            25938230,
            293453,
            0,
            0
        ],
        [
            48259590,
            25937800,
            297273,
            0,
            0
        ],
        [
            48259350,
            25937320,
            301717,
            0,
            0
        ],
        [
            48259090,
            25936810,
            306472,
            0,
            0
        ],
        [
            48258980,
            25936590,
            308508,
            0,
            0
        ],
        [
            48258967,
            25936557,
            308792,
            0,
            0
        ],
        [
            48258830,
            25936210,
            311779,
            0,
            0
        ],
        [
            48258530,
            25935430,
            318447,
            0,
            0
        ],
        [
            48258360,
            25934900,
            322802,
            0,
            0
        ],
        [
            48258260,
            25934450,
            326314,
            0,
            0
        ],
        [
            48258210,
            25934180,
            328389,
            0,
            0
        ],
        [
            48258198,
            25934111,
            329450,
            0,
            0
        ],
        [
            48258185,
            25934042,
            330965,
            1,
            0
        ],
        [
            48258163,
            25933916,
            332480,
            0,
            0
        ],
        [
            48258140,
            25933790,
            334409,
            0,
            0
        ],
        [
            48258100,
            25933500,
            336601,
            0,
            0
        ],
        [
            48258080,
            25933290,
            338171,
            0,
            0
        ],
        [
            48257970,
            25932200,
            346333,
            0,
            0
        ],
        [
            48257883,
            25931292,
            353122,
            0,
            0
        ],
        [
            48257840,
            25930730,
            357307,
            0,
            0
        ],
        [
            48257821,
            25930475,
            359214,
            0,
            0
        ],
        [
            48257750,
            25929780,
            364416,
            0,
            0
        ],
        [
            48257730,
            25929500,
            366500,
            0,
            0
        ],
        [
            48257719,
            25929341,
            368878,
            0,
            0
        ],
        [
            48257707,
            25929181,
            370362,
            1,
            0
        ],
        [
            48257665,
            25928612,
            371847,
            0,
            0
        ],
        [
            48257623,
            25928042,
            380327,
            0,
            0
        ],
        [
            48257720,
            25928030,
            381409,
            0,
            0
        ],
        [
            48257860,
            25928010,
            382972,
            0,
            0
        ],
        [
            48258580,
            25927870,
            391045,
            0,
            0
        ],
        [
            48259110,
            25927780,
            396975,
            0,
            0
        ],
        [
            48259350,
            25927750,
            399653,
            0,
            0
        ],
        [
            48259720,
            25927690,
            403791,
            0,
            0
        ],
        [
            48260284,
            25927603,
            410092,
            0,
            0
        ],
        [
            48260300,
            25927600,
            410274,
            0,
            0
        ],
        [
            48260610,
            25927550,
            413741,
            0,
            0
        ],
        [
            48260860,
            25927490,
            416556,
            0,
            0
        ],
        [
            48260898,
            25927485,
            417391,
            0,
            0
        ],
        [
            48260935,
            25927479,
            418540,
            1,
            0
        ],
        [
            48261063,
            25927460,
            419689,
            0,
            0
        ],
        [
            48261190,
            25927440,
            422543,
            0,
            0
        ],
        [
            48261520,
            25927400,
            426224,
            0,
            0
        ],
        [
            48261640,
            25927370,
            427577,
            0,
            0
        ],
        [
            48262210,
            25927290,
            433942,
            0,
            0
        ],
        [
            48262820,
            25927200,
            440757,
            0,
            0
        ],
        [
            48262870,
            25927190,
            441318,
            0,
            0
        ],
        [
            48262990,
            25927170,
            442660,
            0,
            0
        ],
        [
            48263150,
            25927130,
            444464,
            0,
            0
        ],
        [
            48263660,
            25927050,
            450165,
            0,
            0
        ],
        [
            48263790,
            25927030,
            451618,
            0,
            0
        ],
        [
            48264380,
            25926940,
            458212,
            0,
            0
        ],
        [
            48264388,
            25926939,
            458300,
            0,
            0
        ],
        [
            48264770,
            25926900,
            462558,
            0,
            0
        ],
        [
            48264791,
            25926897,
            463030,
            0,
            0
        ],
        [
            48264812,
            25926894,
            463625,
            1,
            0
        ],
        [
            48264901,
            25926882,
            464219,
            0,
            0
        ],
        [
            48264990,
            25926870,
            466204,
            0,
            0
        ],
        [
            48265100,
            25926860,
            467429,
            0,
            0
        ],
        [
            48265650,
            25926750,
            473599,
            0,
            0
        ],
        [
            48265700,
            25926740,
            474159,
            0,
            0
        ],
        [
            48265970,
            25926700,
            477176,
            0,
            0
        ],
        [
            48266100,
            25926670,
            478638,
            0,
            0
        ],
        [
            48266400,
            25926620,
            481995,
            0,
            0
        ],
        [
            48266580,
            25926600,
            484001,
            0,
            0
        ],
        [
            48266710,
            25926590,
            485449,
            0,
            0
        ],
        [
            48266830,
            25926620,
            486801,
            0,
            0
        ],
        [
            48266970,
            25926660,
            488386,
            0,
            0
        ],
        [
            48267130,
            25926710,
            490203,
            0,
            0
        ],
        [
            48267250,
            25926760,
            491588,
            0,
            0
        ],
        [
            48267420,
            25926810,
            493514,
            0,
            0
        ],
        [
            48267730,
            25926930,
            497073,
            0,
            0
        ],
        [
            48267799,
            25926958,
            497866,
            0,
            0
        ],
        [
            48267880,
            25926990,
            498799,
            0,
            0
        ],
        [
            48268174,
            25927018,
            502076,
            0,
            0
        ],
        [
            48268300,
            25927150,
            503782,
            0,
            0
        ],
        [
            48268350,
            25927210,
            504494,
            0,
            0
        ],
        [
            48268380,
            25927260,
            504992,
            0,
            0
        ],
        [
            48268430,
            25927340,
            505804,
            0,
            0
        ],
        [
            48268467,
            25927408,
            506457,
            0,
            0
        ],
        [
            48268516,
            25927466,
            507145,
            0,
            0
        ],
        [
            48268577,
            25927538,
            508005,
            0,
            0
        ],
        [
            48268593,
            25927579,
            508365,
            0,
            0
        ],
        [
            48268619,
            25927619,
            508775,
            0,
            0
        ],
        [
            48268654,
            25927661,
            509268,
            0,
            0
        ],
        [
            48268694,
            25927698,
            509791,
            0,
            0
        ],
        [
            48268730,
            25927723,
            510233,
            0,
            0
        ],
        [
            48268776,
            25927743,
            510764,
            0,
            0
        ],
        [
            48268820,
            25927750,
            511262,
            0,
            0
        ],
        [
            48268863,
            25927751,
            511736,
            0,
            0
        ],
        [
            48268910,
            25927740,
            512269,
            0,
            0
        ],
        [
            48268977,
            25927707,
            513049,
            0,
            0
        ],
        [
            48269009,
            25927680,
            513463,
            0,
            0
        ],
        [
            48269055,
            25927627,
            514103,
            0,
            0
        ],
        [
            48269230,
            25927570,
            516097,
            0,
            0
        ],
        [
            48269310,
            25927550,
            516999,
            0,
            0
        ],
        [
            48269611,
            25927537,
            520345,
            0,
            0
        ],
        [
            48269921,
            25927640,
            523873,
            0,
            0
        ],
        [
            48269980,
            25927660,
            524549,
            0,
            0
        ],
        [
            48270100,
            25927720,
            525955,
            0,
            0
        ],
        [
            48270220,
            25927750,
            527308,
            0,
            0
        ],
        [
            48270270,
            25927780,
            527907,
            0,
            0
        ],
        [
            48270410,
            25927850,
            529547,
            0,
            0
        ],
        [
            48270510,
            25927885,
            531815,
            0,
            0
        ],
        [
            48270609,
            25927919,
            533244,
            1,
            0
        ],
        [
            48270770,
            25927975,
            534673,
            0,
            0
        ],
        [
            48270930,
            25928030,
            538338,
            0,
            0
        ],
        [
            48271640,
            25928300,
            546482,
            0,
            0
        ],
        [
            48271986,
            25928442,
            550473,
            0,
            0
        ],
        [
            48272201,
            25928499,
            552901,
            0,
            0
        ],
        [
            48272385,
            25928560,
            554996,
            0,
            0
        ],
        [
            48272792,
            25928697,
            559634,
            0,
            0
        ],
        [
            48273243,
            25928856,
            564781,
            0,
            0
        ],
        [
            48273495,
            25928929,
            567633,
            0,
            0
        ],
        [
            48273724,
            25929035,
            570301,
            0,
            0
        ],
        [
            48273936,
            25929124,
            572743,
            0,
            0
        ],
        [
            48274374,
            25929275,
            577743,
            0,
            0
        ],
        [
            48274920,
            25929468,
            583983,
            0,
            0
        ],
        [
            48275196,
            25929562,
            587122,
            0,
            0
        ],
        [
            48275346,
            25929613,
            588834,
            0,
            0
        ],
        [
            48275471,
            25929656,
            590261,
            0,
            0
        ],
        [
            48275714,
            25929731,
            595768,
            0,
            0
        ],
        [
            48275956,
            25929805,
            597182,
            1,
            0
        ],
        [
            48276078,
            25929843,
            598596,
            0,
            0
        ],
        [
            48276200,
            25929880,
            601363,
            0,
            0
        ],
        [
            48276742,
            25930085,
            607583,
            0,
            0
        ],
        [
            48276860,
            25930130,
            608931,
            0,
            0
        ],
        [
            48278130,
            25930620,
            623510,
            0,
            0
        ],
        [
            48278630,
            25930810,
            629245,
            0,
            0
        ],
        [
            48278920,
            25930930,
            632589,
            0,
            0
        ],
        [
            48279200,
            25931020,
            635773,
            0,
            0
        ],
        [
            48279346,
            25931080,
            637456,
            0,
            0
        ],
        [
            48279540,
            25931160,
            639693,
            0,
            0
        ],
        [
            48279890,
            25931300,
            643720,
            0,
            0
        ],
        [
            48280051,
            25931361,
            645561,
            0,
            0
        ],
        [
            48280657,
            25931607,
            652551,
            0,
            0
        ],
        [
            48281030,
            25931750,
            656826,
            0,
            0
        ],
        [
            48281420,
            25931910,
            661321,
            0,
            0
        ],
        [
            48281810,
            25932060,
            665798,
            0,
            0
        ],
        [
            48281850,
            25932070,
            666692,
            0,
            0
        ],
        [
            48281889,
            25932079,
            667302,
            1,
            0
        ],
        [
            48282015,
            25932110,
            667913,
            0,
            0
        ],
        [
            48282140,
            25932140,
            670736,
            0,
            0
        ],
        [
            48282650,
            25932300,
            676528,
            0,
            0
        ],
        [
            48282810,
            25932340,
            678332,
            0,
            0
        ],
        [
            48282960,
            25932400,
            680058,
            0,
            0
        ],
        [
            48283269,
            25932513,
            683594,
            0,
            0
        ],
        [
            48283450,
            25932580,
            685667,
            0,
            0
        ],
        [
            48283760,
            25932710,
            689245,
            0,
            0
        ],
        [
            48284240,
            25932890,
            694746,
            0,
            0
        ],
        [
            48284789,
            25933110,
            701067,
            0,
            0
        ],
        [
            48285084,
            25933209,
            704421,
            0,
            0
        ],
        [
            48285429,
            25933328,
            708363,
            0,
            0
        ],
        [
            48285645,
            25933405,
            713282,
            0,
            0
        ],
        [
            48285860,
            25933482,
            713757,
            1,
            0
        ],
        [
            48285903,
            25933497,
            714231,
            0,
            0
        ],
        [
            48285945,
            25933512,
            715201,
            0,
            0
        ],
        [
            48286810,
            25933840,
            725124,
            0,
            0
        ],
        [
            48287278,
            25933997,
            730459,
            0,
            0
        ],
        [
            48287370,
            25933440,
            734702,
            0,
            0
        ],
        [
            48287463,
            25932947,
            738490,
            0,
            0
        ],
        [
            48287751,
            25933030,
            741757,
            0,
            0
        ],
        [
            48287867,
            25933064,
            744374,
            0,
            0
        ],
        [
            48287982,
            25933097,
            744741,
            1,
            0
        ],
        [
            48288053,
            25933117,
            745108,
            0,
            0
        ],
        [
            48288123,
            25933137,
            746704,
            0,
            0
        ],
        [
            48288850,
            25933310,
            754884,
            0,
            0
        ],
        [
            48289220,
            25933410,
            759064,
            0,
            0
        ],
        [
            48289410,
            25933450,
            761197,
            0,
            0
        ],
        [
            48289610,
            25933500,
            763452,
            0,
            0
        ],
        [
            48289770,
            25933530,
            765245,
            0,
            0
        ],
        [
            48289850,
            25933550,
            766146,
            0,
            0
        ],
        [
            48290100,
            25933600,
            768951,
            0,
            0
        ],
        [
            48290447,
            25933700,
            772874,
            0,
            0
        ],
        [
            48290620,
            25933800,
            774940,
            0,
            0
        ],
        [
            48290870,
            25933940,
            777907,
            0,
            0
        ],
        [
            48291150,
            25934120,
            781293,
            0,
            0
        ],
        [
            48291590,
            25934400,
            786606,
            0,
            0
        ],
        [
            48291820,
            25934560,
            789424,
            0,
            0
        ],
        [
            48292170,
            25934820,
            793765,
            0,
            0
        ],
        [
            48292596,
            25935155,
            799113,
            0,
            0
        ],
        [
            48292465,
            25935581,
            802587,
            0,
            0
        ],
        [
            48293140,
            25936060,
            810883,
            0,
            0
        ],
        [
            48293280,
            25936160,
            812606,
            0,
            0
        ],
        [
            48293490,
            25936300,
            815161,
            0,
            0
        ],
        [
            48293680,
            25936420,
            817452,
            0,
            0
        ],
        [
            48293880,
            25936520,
            819796,
            0,
            0
        ],
        [
            48294250,
            25936700,
            824120,
            0,
            0
        ],
        [
            48294310,
            25936730,
            824823,
            0,
            0
        ],
        [
            48294341,
            25936744,
            825188,
            0,
            0
        ],
        [
            48294449,
            25936794,
            826445,
            0,
            0
        ],
        [
            48294528,
            25936834,
            827369,
            0,
            0
        ],
        [
            48294557,
            25936846,
            827696,
            0,
            0
        ],
        [
            48294830,
            25936940,
            830815,
            0,
            0
        ],
        [
            48294842,
            25936946,
            831084,
            0,
            0
        ],
        [
            48294853,
            25936952,
            831794,
            1,
            0
        ],
        [
            48294907,
            25936981,
            832504,
            0,
            0
        ],
        [
            48294960,
            25937010,
            833770,
            0,
            0
        ],
        [
            48295140,
            25937120,
            835931,
            0,
            0
        ],
        [
            48295450,
            25937330,
            839712,
            0,
            0
        ],
        [
            48295480,
            25937340,
            840053,
            0,
            0
        ],
        [
            48295840,
            25937580,
            844432,
            0,
            0
        ],
        [
            48296000,
            25937670,
            846332,
            0,
            0
        ],
        [
            48296305,
            25937876,
            850054,
            0,
            0
        ],
        [
            48296470,
            25937900,
            851893,
            0,
            0
        ],
        [
            48296490,
            25937900,
            852115,
            0,
            0
        ],
        [
            48296530,
            25937900,
            852560,
            0,
            0
        ],
        [
            48296550,
            25937900,
            852782,
            0,
            0
        ],
        [
            48296570,
            25937890,
            853016,
            0,
            0
        ],
        [
            48296600,
            25937870,
            853381,
            0,
            0
        ],
        [
            48296720,
            25937800,
            854813,
            0,
            0
        ],
        [
            48296737,
            25937793,
            855005,
            0,
            0
        ],
        [
            48296748,
            25937794,
            855134,
            0,
            0
        ],
        [
            48296765,
            25937797,
            855323,
            0,
            0
        ],
        [
            48296776,
            25937805,
            855462,
            0,
            0
        ],
        [
            48296810,
            25937760,
            855964,
            0,
            0
        ],
        [
            48297220,
            25937140,
            862430,
            0,
            0
        ],
        [
            48297390,
            25936870,
            865180,
            0,
            0
        ],
        [
            48297405,
            25936843,
            865689,
            0,
            0
        ],
        [
            48297419,
            25936816,
            866209,
            1,
            0
        ],
        [
            48297451,
            25936757,
            866728,
            0,
            0
        ],
        [
            48297483,
            25936697,
            867863,
            0,
            0
        ],
        [
            48297610,
            25936470,
            870058,
            0,
            0
        ],
        [
            48297610,
            25936460,
            870132,
            0,
            0
        ],
        [
            48297690,
            25936370,
            871243,
            0,
            0
        ],
        [
            48297980,
            25936030,
            875332,
            0,
            0
        ],
        [
            48298030,
            25935960,
            876092,
            0,
            0
        ],
        [
            48298300,
            25935610,
            880056,
            0,
            0
        ],
        [
            48298440,
            25935430,
            882104,
            0,
            0
        ],
        [
            48298470,
            25935390,
            882550,
            0,
            0
        ],
        [
            48298600,
            25935200,
            884566,
            0,
            0
        ],
        [
            48298730,
            25935020,
            886531,
            0,
            0
        ],
        [
            48298990,
            25934640,
            890564,
            0,
            0
        ],
        [
            48299060,
            25934530,
            891690,
            0,
            0
        ],
        [
            48299430,
            25933920,
            897796,
            0,
            0
        ],
        [
            48299570,
            25933690,
            900102,
            0,
            0
        ],
        [
            48299650,
            25933550,
            901467,
            0,
            0
        ],
        [
            48299710,
            25933420,
            902637,
            0,
            0
        ],
        [
            48299760,
            25933280,
            903812,
            0,
            0
        ],
        [
            48299779,
            25933178,
            904597,
            0,
            0
        ],
        [
            48299890,
            25932630,
            908833,
            0,
            0
        ],
        [
            48299910,
            25932563,
            909921,
            0,
            0
        ],
        [
            48299930,
            25932496,
            911151,
            1,
            0
        ],
        [
            48299980,
            25932328,
            912382,
            0,
            0
        ],
        [
            48300030,
            25932160,
            915102,
            0,
            0
        ],
        [
            48300320,
            25931310,
            922168,
            0,
            0
        ],
        [
            48300478,
            25930845,
            926029,
            0,
            0
        ],
        [
            48300860,
            25929720,
            935373,
            0,
            0
        ],
        [
            48300968,
            25929444,
            940103,
            0,
            0
        ],
        [
            48301075,
            25929168,
            941054,
            1,
            0
        ],
        [
            48301083,
            25929149,
            942004,
            0,
            0
        ],
        [
            48301090,
            25929130,
            942332,
            0,
            0
        ],
        [
            48302122,
            25926104,
            967483,
            0,
            0
        ],
        [
            48302180,
            25925920,
            968990,
            0,
            0
        ],
        [
            48302222,
            25925799,
            969996,
            0,
            0
        ],
        [
            48302260,
            25925690,
            970909,
            0,
            0
        ],
        [
            48302316,
            25925574,
            971971,
            0,
            0
        ],
        [
            48302400,
            25925480,
            973135,
            0,
            0
        ],
        [
            48302440,
            25925440,
            973669,
            0,
            0
        ],
        [
            48302520,
            25925380,
            974663,
            0,
            0
        ],
        [
            48302640,
            25925300,
            976123,
            0,
            0
        ],
        [
            48302787,
            25925197,
            977920,
            0,
            0
        ],
        [
            48303040,
            25925020,
            981029,
            0,
            0
        ],
        [
            48303270,
            25924880,
            983788,
            0,
            0
        ],
        [
            48303360,
            25924840,
            984832,
            0,
            0
        ],
        [
            48303487,
            25924753,
            987937,
            0,
            0
        ],
        [
            48303614,
            25924666,
            988271,
            1,
            0
        ],
        [
            48303677,
            25924623,
            988605,
            0,
            0
        ],
        [
            48303740,
            25924580,
            990141,
            0,
            0
        ],
        [
            48304397,
            25924158,
            998084,
            0,
            0
        ],
        [
            48304440,
            25924130,
            998606,
            0,
            0
        ],
        [
            48305090,
            25923728,
            1006424,
            0,
            0
        ],
        [
            48305140,
            25923620,
            1007398,
            0,
            0
        ],
        [
            48305170,
            25923560,
            1007953,
            0,
            0
        ],
        [
            48305200,
            25923480,
            1008632,
            0,
            0
        ],
        [
            48305240,
            25923360,
            1009625,
            0,
            0
        ],
        [
            48305573,
            25921954,
            1020663,
            0,
            0
        ],
        [
            48305600,
            25921850,
            1021489,
            0,
            0
        ],
        [
            48305620,
            25921810,
            1021859,
            0,
            0
        ],
        [
            48305640,
            25921760,
            1022290,
            0,
            0
        ],
        [
            48305660,
            25921720,
            1022661,
            0,
            0
        ],
        [
            48305690,
            25921680,
            1023106,
            0,
            0
        ],
        [
            48305750,
            25921590,
            1024049,
            0,
            0
        ],
        [
            48305870,
            25921460,
            1025693,
            0,
            0
        ],
        [
            48306032,
            25921240,
            1028122,
            0,
            0
        ],
        [
            48306040,
            25921230,
            1028236,
            0,
            0
        ],
        [
            48306190,
            25921040,
            1030417,
            0,
            0
        ],
        [
            48306350,
            25920830,
            1032779,
            0,
            0
        ],
        [
            48306362,
            25920815,
            1033118,
            0,
            0
        ],
        [
            48306373,
            25920800,
            1033624,
            1,
            0
        ],
        [
            48306392,
            25920775,
            1034131,
            0,
            0
        ],
        [
            48306410,
            25920750,
            1034683,
            0,
            0
        ],
        [
            48306630,
            25920450,
            1037986,
            0,
            0
        ],
        [
            48306760,
            25920240,
            1040107,
            0,
            0
        ],
        [
            48306960,
            25919970,
            1043096,
            0,
            0
        ],
        [
            48307080,
            25919840,
            1044741,
            0,
            0
        ],
        [
            48307170,
            25919740,
            1045985,
            0,
            0
        ],
        [
            48307340,
            25919570,
            1048255,
            0,
            0
        ],
        [
            48307600,
            25919370,
            1051503,
            0,
            0
        ],
        [
            48307760,
            25919260,
            1053459,
            0,
            0
        ],
        [
            48307790,
            25919240,
            1053824,
            0,
            0
        ],
        [
            48308070,
            25919070,
            1057181,
            0,
            0
        ],
        [
            48308250,
            25918980,
            1059290,
            0,
            0
        ],
        [
            48308670,
            25918750,
            1064261,
            0,
            0
        ],
        [
            48309240,
            25918470,
            1070928,
            0,
            0
        ],
        [
            48309666,
            25918227,
            1075998,
            0,
            0
        ],
        [
            48309865,
            25918210,
            1078213,
            0,
            0
        ],
        [
            48309974,
            25918207,
            1079423,
            0,
            0
        ],
        [
            48310103,
            25918230,
            1080861,
            0,
            0
        ],
        [
            48310135,
            25918250,
            1081248,
            0,
            0
        ],
        [
            48310186,
            25918259,
            1081822,
            0,
            0
        ],
        [
            48310237,
            25918251,
            1082395,
            0,
            0
        ],
        [
            48310282,
            25918230,
            1082916,
            0,
            0
        ],
        [
            48310314,
            25918203,
            1083324,
            0,
            0
        ],
        [
            48310321,
            25918193,
            1083535,
            0,
            0
        ],
        [
            48310327,
            25918183,
            1084273,
            1,
            0
        ],
        [
            48310340,
            25918164,
            1085012,
            0,
            0
        ],
        [
            48310352,
            25918145,
            1085403,
            0,
            0
        ],
        [
            48310470,
            25918020,
            1087007,
            0,
            0
        ],
        [
            48310520,
            25917970,
            1087675,
            0,
            0
        ],
        [
            48310610,
            25917900,
            1088802,
            0,
            0
        ],
        [
            48310690,
            25917840,
            1089796,
            0,
            0
        ],
        [
            48310780,
            25917790,
            1090863,
            0,
            0
        ],
        [
            48310820,
            25917780,
            1091313,
            0,
            0
        ],
        [
            48310880,
            25917770,
            1091985,
            0,
            0
        ],
        [
            48311580,
            25918090,
            1100120,
            0,
            0
        ],
        [
            48311940,
            25918230,
            1104254,
            0,
            0
        ],
        [
            48312300,
            25918380,
            1108408,
            0,
            0
        ],
        [
            48312320,
            25918390,
            1108642,
            0,
            0
        ],
        [
            48312680,
            25918510,
            1112742,
            0,
            0
        ],
        [
            48312700,
            25918520,
            1112976,
            0,
            0
        ],
        [
            48312990,
            25918620,
            1116285,
            0,
            0
        ],
        [
            48313320,
            25918751,
            1120077,
            0,
            0
        ],
        [
            48313346,
            25918780,
            1120440,
            0,
            0
        ],
        [
            48313440,
            25918850,
            1121606,
            0,
            0
        ],
        [
            48313560,
            25918940,
            1123097,
            0,
            0
        ],
        [
            48313650,
            25919010,
            1124223,
            0,
            0
        ],
        [
            48313700,
            25919040,
            1124822,
            0,
            0
        ],
        [
            48313740,
            25919080,
            1125356,
            0,
            0
        ],
        [
            48313850,
            25919190,
            1126825,
            0,
            0
        ],
        [
            48313950,
            25919290,
            1128160,
            0,
            0
        ],
        [
            48314030,
            25919360,
            1129190,
            0,
            0
        ],
        [
            48314180,
            25919470,
            1131045,
            0,
            0
        ],
        [
            48314265,
            25919522,
            1132068,
            0,
            0
        ],
        [
            48314299,
            25919561,
            1132543,
            0,
            0
        ],
        [
            48314312,
            25919569,
            1132838,
            0,
            0
        ],
        [
            48314324,
            25919576,
            1133834,
            1,
            0
        ],
        [
            48314330,
            25919580,
            1134831,
            0,
            0
        ],
        [
            48314335,
            25919583,
            1134961,
            0,
            0
        ],
        [
            48314369,
            25919603,
            1135375,
            0,
            0
        ],
        [
            48314403,
            25919609,
            1135751,
            0,
            0
        ],
        [
            48314484,
            25919618,
            1136659,
            0,
            0
        ],
        [
            48314670,
            25919720,
            1138857,
            0,
            0
        ],
        [
            48314940,
            25919860,
            1142033,
            0,
            0
        ],
        [
            48315050,
            25919940,
            1143391,
            0,
            0
        ],
        [
            48315110,
            25920000,
            1144192,
            0,
            0
        ],
        [
            48315170,
            25920050,
            1144955,
            0,
            0
        ],
        [
            48315230,
            25920130,
            1145847,
            0,
            0
        ],
        [
            48315310,
            25920220,
            1146958,
            0,
            0
        ],
        [
            48315430,
            25920390,
            1148791,
            0,
            0
        ],
        [
            48315500,
            25920510,
            1149971,
            0,
            0
        ],
        [
            48315570,
            25920690,
            1151513,
            0,
            0
        ],
        [
            48315640,
            25920850,
            1152929,
            0,
            0
        ],
        [
            48315690,
            25921020,
            1154304,
            0,
            0
        ],
        [
            48315740,
            25921270,
            1156234,
            0,
            0
        ],
        [
            48315888,
            25922110,
            1162659,
            0,
            0
        ],
        [
            48315929,
            25922193,
            1163430,
            0,
            0
        ],
        [
            48315939,
            25922251,
            1163870,
            0,
            0
        ],
        [
            48315990,
            25922640,
            1166802,
            0,
            0
        ],
        [
            48316040,
            25922900,
            1168803,
            0,
            0
        ],
        [
            48316083,
            25923142,
            1170657,
            0,
            0
        ],
        [
            48316114,
            25923314,
            1173284,
            0,
            0
        ],
        [
            48316144,
            25923486,
            1173470,
            1,
            0
        ],
        [
            48316147,
            25923503,
            1173656,
            0,
            0
        ],
        [
            48316150,
            25923520,
            1173920,
            0,
            0
        ],
        [
            48316220,
            25923880,
            1176693,
            0,
            0
        ],
        [
            48316270,
            25924140,
            1178694,
            0,
            0
        ],
        [
            48316280,
            25924180,
            1179010,
            0,
            0
        ],
        [
            48316370,
            25924610,
            1182344,
            0,
            0
        ],
        [
            48316540,
            25925450,
            1188836,
            0,
            0
        ],
        [
            48316600,
            25925770,
            1191295,
            0,
            0
        ],
        [
            48316670,
            25926150,
            1194210,
            0,
            0
        ],
        [
            48316880,
            25927220,
            1202459,
            0,
            0
        ],
        [
            48316950,
            25927590,
            1205304,
            0,
            0
        ],
        [
            48317003,
            25927889,
            1207590,
            0,
            0
        ],
        [
            48317060,
            25928210,
            1210048,
            0,
            0
        ],
        [
            48317150,
            25928700,
            1213807,
            0,
            0
        ],
        [
            48317170,
            25928770,
            1214371,
            0,
            0
        ],
        [
            48317340,
            25929670,
            1221289,
            0,
            0
        ],
        [
            48317410,
            25929990,
            1223779,
            0,
            0
        ],
        [
            48317625,
            25931112,
            1232414,
            0,
            0
        ],
        [
            48317690,
            25931450,
            1235015,
            0,
            0
        ],
        [
            48317701,
            25931505,
            1235855,
            0,
            0
        ],
        [
            48317711,
            25931559,
            1236410,
            1,
            0
        ],
        [
            48317756,
            25931785,
            1236966,
            0,
            0
        ],
        [
            48317800,
            25932010,
            1240443,
            0,
            0
        ],
        [
            48317910,
            25932620,
            1245116,
            0,
            0
        ],
        [
            48317930,
            25932720,
            1245888,
            0,
            0
        ],
        [
            48318070,
            25933500,
            1251862,
            0,
            0
        ],
        [
            48318220,
            25934270,
            1257795,
            0,
            0
        ],
        [
            48318310,
            25934790,
            1261768,
            0,
            0
        ],
        [
            48318433,
            25935425,
            1266656,
            0,
            0
        ],
        [
            48318510,
            25935800,
            1269560,
            0,
            0
        ],
        [
            48318560,
            25936050,
            1271490,
            0,
            0
        ],
        [
            48318700,
            25936780,
            1277108,
            0,
            0
        ],
        [
            48318735,
            25936960,
            1279872,
            0,
            0
        ],
        [
            48318769,
            25937139,
            1280526,
            1,
            0
        ],
        [
            48318780,
            25937195,
            1281181,
            0,
            0
        ],
        [
            48318790,
            25937250,
            1282033,
            0,
            0
        ],
        [
            48318850,
            25937564,
            1284451,
            0,
            0
        ],
        [
            48318990,
            25938270,
            1289896,
            0,
            0
        ],
        [
            48319017,
            25938427,
            1291098,
            0,
            0
        ],
        [
            48319060,
            25938680,
            1293026,
            0,
            0
        ],
        [
            48319160,
            25939250,
            1297385,
            0,
            0
        ],
        [
            48319220,
            25939560,
            1299772,
            0,
            0
        ],
        [
            48319320,
            25940090,
            1303845,
            0,
            0
        ],
        [
            48319370,
            25940330,
            1305705,
            0,
            0
        ],
        [
            48319410,
            25940530,
            1307249,
            0,
            0
        ],
        [
            48319460,
            25940730,
            1308829,
            0,
            0
        ],
        [
            48319600,
            25941480,
            1314589,
            0,
            0
        ],
        [
            48319650,
            25941740,
            1316590,
            0,
            0
        ],
        [
            48319760,
            25942250,
            1320554,
            0,
            0
        ],
        [
            48319900,
            25942980,
            1326171,
            0,
            0
        ],
        [
            48320090,
            25944040,
            1334289,
            0,
            0
        ],
        [
            48320200,
            25944590,
            1338535,
            0,
            0
        ],
        [
            48320270,
            25944950,
            1341308,
            0,
            0
        ],
        [
            48320290,
            25945040,
            1342010,
            0,
            0
        ],
        [
            48320640,
            25946810,
            1355663,
            0,
            0
        ],
        [
            48320661,
            25946920,
            1357348,
            0,
            0
        ],
        [
            48320682,
            25947029,
            1357782,
            1,
            0
        ],
        [
            48320688,
            25947063,
            1358216,
            0,
            0
        ],
        [
            48320694,
            25947097,
            1358734,
            0,
            0
        ],
        [
            48320701,
            25947144,
            1359095,
            0,
            0
        ],
        [
            48320710,
            25947188,
            1359430,
            0,
            0
        ],
        [
            48320844,
            25947895,
            1364870,
            0,
            0
        ],
        [
            48320903,
            25948212,
            1367302,
            0,
            0
        ],
        [
            48321590,
            25951860,
            1395335,
            0,
            0
        ],
        [
            48321770,
            25952780,
            1402425,
            0,
            0
        ],
        [
            48321910,
            25953500,
            1407971,
            0,
            0
        ],
        [
            48321940,
            25953670,
            1409272,
            0,
            0
        ],
        [
            48322021,
            25954104,
            1415933,
            0,
            0
        ],
        [
            48322101,
            25954538,
            1416730,
            1,
            0
        ],
        [
            48322191,
            25955019,
            1417526,
            0,
            0
        ],
        [
            48322280,
            25955500,
            1424913,
            0,
            0
        ],
        [
            48322420,
            25956220,
            1430459,
            0,
            0
        ],
        [
            48322580,
            25957138,
            1437474,
            0,
            0
        ],
        [
            48322600,
            25957250,
            1438333,
            0,
            0
        ],
        [
            48322720,
            25957830,
            1442824,
            0,
            0
        ],
        [
            48323001,
            25959256,
            1453817,
            0,
            0
        ],
        [
            48323232,
            25960416,
            1462775,
            0,
            0
        ],
        [
            48323270,
            25960620,
            1464339,
            0,
            0
        ],
        [
            48323432,
            25961419,
            1470510,
            0,
            0
        ],
        [
            48323654,
            25962720,
            1480442,
            0,
            0
        ],
        [
            48323669,
            25962809,
            1481126,
            0,
            0
        ],
        [
            48323700,
            25962970,
            1482363,
            0,
            0
        ],
        [
            48323851,
            25963805,
            1488760,
            0,
            0
        ],
        [
            48323930,
            25964200,
            1491810,
            0,
            0
        ],
        [
            48323970,
            25964410,
            1493425,
            0,
            0
        ],
        [
            48324080,
            25965000,
            1497955,
            0,
            0
        ],
        [
            48324097,
            25965089,
            1499322,
            0,
            0
        ],
        [
            48324114,
            25965178,
            1499814,
            1,
            0
        ],
        [
            48324146,
            25965343,
            1500306,
            0,
            0
        ],
        [
            48324178,
            25965508,
            1502853,
            0,
            0
        ],
        [
            48324250,
            25965880,
            1505714,
            0,
            0
        ],
        [
            48324460,
            25966990,
            1514246,
            0,
            0
        ],
        [
            48324880,
            25969170,
            1531026,
            0,
            0
        ],
        [
            48324980,
            25969820,
            1535959,
            0,
            0
        ],
        [
            48325050,
            25970280,
            1539447,
            0,
            0
        ],
        [
            48325130,
            25970870,
            1543899,
            0,
            0
        ],
        [
            48325190,
            25971420,
            1548020,
            0,
            0
        ],
        [
            48325220,
            25971700,
            1550116,
            0,
            0
        ],
        [
            48325260,
            25971950,
            1552017,
            0,
            0
        ],
        [
            48325270,
            25972010,
            1552475,
            0,
            0
        ],
        [
            48325300,
            25972140,
            1553492,
            0,
            0
        ],
        [
            48325340,
            25972320,
            1554895,
            0,
            0
        ],
        [
            48325410,
            25972570,
            1556900,
            0,
            0
        ],
        [
            48325720,
            25973630,
            1565462,
            0,
            0
        ],
        [
            48326040,
            25974680,
            1574001,
            0,
            0
        ],
        [
            48326220,
            25975230,
            1578533,
            0,
            0
        ],
        [
            48326310,
            25975520,
            1580899,
            0,
            0
        ],
        [
            48326360,
            25975650,
            1582009,
            0,
            0
        ],
        [
            48326405,
            25975753,
            1582919,
            0,
            0
        ],
        [
            48326770,
            25975070,
            1589394,
            0,
            0
        ],
        [
            48326799,
            25975015,
            1589914,
            0,
            0
        ],
        [
            48326974,
            25974680,
            1593061,
            0,
            0
        ],
        [
            48327009,
            25974627,
            1594163,
            0,
            0
        ],
        [
            48327043,
            25974574,
            1595878,
            1,
            0
        ],
        [
            48327104,
            25974482,
            1597594,
            0,
            0
        ],
        [
            48327164,
            25974390,
            1599500,
            0,
            0
        ],
        [
            48327200,
            25974320,
            1600156,
            0,
            0
        ],
        [
            48327400,
            25974020,
            1603297,
            0,
            0
        ],
        [
            48327660,
            25973630,
            1607380,
            0,
            0
        ],
        [
            48328360,
            25972640,
            1618064,
            0,
            0
        ],
        [
            48329110,
            25971510,
            1629867,
            0,
            0
        ],
        [
            48329750,
            25970580,
            1639762,
            0,
            0
        ],
        [
            48330890,
            25968890,
            1657559,
            0,
            0
        ],
        [
            48330940,
            25968830,
            1658270,
            0,
            0
        ],
        [
            48330970,
            25968790,
            1658716,
            0,
            0
        ],
        [
            48331210,
            25968495,
            1662164,
            0,
            0
        ],
        [
            48331320,
            25968360,
            1663741,
            0,
            0
        ],
        [
            48331540,
            25968130,
            1666720,
            0,
            0
        ],
        [
            48331860,
            25967770,
            1671163,
            0,
            0
        ],
        [
            48331886,
            25967741,
            1671884,
            0,
            0
        ],
        [
            48331912,
            25967712,
            1672371,
            1,
            0
        ],
        [
            48331966,
            25967651,
            1672857,
            0,
            0
        ],
        [
            48332020,
            25967590,
            1674358,
            0,
            0
        ],
        [
            48332420,
            25967150,
            1679868,
            0,
            0
        ],
        [
            48332490,
            25967050,
            1680941,
            0,
            0
        ],
        [
            48332580,
            25966930,
            1682278,
            0,
            0
        ],
        [
            48332640,
            25966810,
            1683388,
            0,
            0
        ],
        [
            48332680,
            25966730,
            1684128,
            0,
            0
        ],
        [
            48332740,
            25966590,
            1685359,
            0,
            0
        ],
        [
            48332940,
            25965960,
            1690520,
            0,
            0
        ],
        [
            48333260,
            25964930,
            1698924,
            0,
            0
        ],
        [
            48333390,
            25964500,
            1702416,
            0,
            0
        ],
        [
            48333430,
            25964380,
            1703408,
            0,
            0
        ],
        [
            48333470,
            25964280,
            1704271,
            0,
            0
        ],
        [
            48333510,
            25964190,
            1705071,
            0,
            0
        ],
        [
            48333560,
            25964100,
            1705938,
            0,
            0
        ],
        [
            48333610,
            25964030,
            1706697,
            0,
            0
        ],
        [
            48333670,
            25963950,
            1707589,
            0,
            0
        ],
        [
            48333740,
            25963880,
            1708523,
            0,
            0
        ],
        [
            48333830,
            25963780,
            1709767,
            0,
            0
        ],
        [
            48333910,
            25963720,
            1710761,
            0,
            0
        ],
        [
            48334010,
            25963640,
            1712021,
            0,
            0
        ],
        [
            48334100,
            25963580,
            1713115,
            0,
            0
        ],
        [
            48334190,
            25963520,
            1714210,
            0,
            0
        ],
        [
            48334260,
            25963480,
            1715042,
            0,
            0
        ],
        [
            48334390,
            25963420,
            1716554,
            0,
            0
        ],
        [
            48334700,
            25963268,
            1720184,
            0,
            0
        ],
        [
            48334900,
            25963170,
            1722518,
            0,
            0
        ],
        [
            48335005,
            25963110,
            1725012,
            0,
            0
        ],
        [
            48335109,
            25963049,
            1725401,
            1,
            0
        ],
        [
            48335230,
            25962980,
            1725789,
            0,
            0
        ],
        [
            48335350,
            25962910,
            1728656,
            0,
            0
        ],
        [
            48335370,
            25962900,
            1728890,
            0,
            0
        ],
        [
            48335580,
            25962770,
            1731415,
            0,
            0
        ],
        [
            48335820,
            25962630,
            1734277,
            0,
            0
        ],
        [
            48336000,
            25962530,
            1736411,
            0,
            0
        ],
        [
            48336250,
            25962400,
            1739352,
            0,
            0
        ],
        [
            48336900,
            25962050,
            1747028,
            0,
            0
        ],
        [
            48337550,
            25961700,
            1754705,
            0,
            0
        ],
        [
            48337860,
            25961560,
            1758304,
            0,
            0
        ],
        [
            48338240,
            25961360,
            1762780,
            0,
            0
        ],
        [
            48338400,
            25961300,
            1764613,
            0,
            0
        ],
        [
            48338550,
            25961250,
            1766322,
            0,
            0
        ],
        [
            48338700,
            25961200,
            1768030,
            0,
            0
        ],
        [
            48338870,
            25961170,
            1769933,
            0,
            0
        ],
        [
            48339040,
            25961130,
            1771846,
            0,
            0
        ],
        [
            48339210,
            25961040,
            1773850,
            0,
            0
        ],
        [
            48339660,
            25960760,
            1779265,
            0,
            0
        ],
        [
            48340440,
            25960330,
            1788501,
            0,
            0
        ],
        [
            48340892,
            25960111,
            1793781,
            0,
            0
        ],
        [
            48340892,
            25960111,
            1793781,
            0,
            0
        ],
        [
            48341100,
            25960010,
            1796211,
            0,
            0
        ],
        [
            48341490,
            25959850,
            1800705,
            0,
            0
        ],
        [
            48341822,
            25959763,
            1804448,
            0,
            0
        ],
        [
            48341870,
            25959770,
            1804989,
            0,
            0
        ],
        [
            48341900,
            25959770,
            1805323,
            0,
            0
        ],
        [
            48341970,
            25959810,
            1806155,
            0,
            0
        ],
        [
            48341990,
            25959820,
            1806390,
            0,
            0
        ],
        [
            48342049,
            25959879,
            1807173,
            0,
            0
        ],
        [
            48342090,
            25959920,
            1807725,
            0,
            0
        ],
        [
            48342107,
            25959930,
            1808117,
            0,
            0
        ],
        [
            48342123,
            25959939,
            1808560,
            1,
            0
        ],
        [
            48342142,
            25959950,
            1809002,
            0,
            0
        ],
        [
            48342160,
            25959960,
            1809442,
            0,
            0
        ],
        [
            48342250,
            25960010,
            1810509,
            0,
            0
        ],
        [
            48342350,
            25960040,
            1811643,
            0,
            0
        ],
        [
            48342450,
            25960060,
            1812764,
            0,
            0
        ],
        [
            48342560,
            25960070,
            1813990,
            0,
            0
        ],
        [
            48342650,
            25960080,
            1814993,
            0,
            0
        ],
        [
            48343110,
            25960110,
            1820113,
            0,
            0
        ],
        [
            48343900,
            25960180,
            1828912,
            0,
            0
        ],
        [
            48344070,
            25960200,
            1830808,
            0,
            0
        ],
        [
            48344380,
            25960210,
            1834255,
            0,
            0
        ],
        [
            48344460,
            25960180,
            1835172,
            0,
            0
        ],
        [
            48344510,
            25960160,
            1835747,
            0,
            0
        ],
        [
            48344960,
            25959840,
            1841282,
            0,
            0
        ],
        [
            48345070,
            25959780,
            1842583,
            0,
            0
        ],
        [
            48345160,
            25959720,
            1843677,
            0,
            0
        ],
        [
            48345460,
            25959570,
            1847192,
            0,
            0
        ],
        [
            48345520,
            25959550,
            1847876,
            0,
            0
        ],
        [
            48345886,
            25959420,
            1852055,
            0,
            0
        ],
        [
            48346004,
            25959378,
            1853407,
            0,
            0
        ],
        [
            48346140,
            25959330,
            1854959,
            0,
            0
        ],
        [
            48346530,
            25959230,
            1859357,
            0,
            0
        ],
        [
            48346660,
            25959210,
            1860810,
            0,
            0
        ],
        [
            48346740,
            25959210,
            1861700,
            0,
            0
        ],
        [
            48346820,
            25959210,
            1862589,
            0,
            0
        ],
        [
            48346910,
            25959240,
            1863614,
            0,
            0
        ],
        [
            48347067,
            25959309,
            1865429,
            0,
            0
        ],
        [
            48347192,
            25959365,
            1866882,
            0,
            0
        ],
        [
            48347285,
            25959394,
            1867944,
            0,
            0
        ],
        [
            48347298,
            25959229,
            1869174,
            0,
            0
        ],
        [
            48347365,
            25958556,
            1874204,
            0,
            0
        ],
        [
            48347437,
            25957854,
            1879449,
            0,
            0
        ],
        [
            48347509,
            25957057,
            1885396,
            0,
            0
        ],
        [
            48347520,
            25956920,
            1886414,
            0,
            0
        ],
        [
            48347544,
            25956579,
            1888945,
            0,
            0
        ],
        [
            48347545,
            25956572,
            1889052,
            0,
            0
        ],
        [
            48347545,
            25956565,
            1889614,
            1,
            0
        ],
        [
            48347553,
            25956458,
            1890176,
            0,
            0
        ],
        [
            48347560,
            25956350,
            1891773,
            0,
            0
        ],
        [
            48347560,
            25956204,
            1892852,
            0,
            0
        ],
        [
            48347520,
            25956180,
            1893330,
            0,
            0
        ],
        [
            48347260,
            25956080,
            1896314,
            0,
            0
        ],
        [
            48347040,
            25955950,
            1898942,
            0,
            0
        ],
        [
            48346770,
            25955810,
            1902118,
            0,
            0
        ],
        [
            48346170,
            25955490,
            1909196,
            0,
            0
        ],
        [
            48346010,
            25955410,
            1911070,
            0,
            0
        ],
        [
            48345710,
            25955240,
            1914635,
            0,
            0
        ],
        [
            48345480,
            25955100,
            1917393,
            0,
            0
        ],
        [
            48345151,
            25954866,
            1921442,
            0,
            0
        ],
        [
            48345009,
            25955068,
            1923616,
            0,
            0
        ],
        [
            48344871,
            25955222,
            1925520,
            0,
            0
        ],
        [
            48344844,
            25955251,
            1925887,
            0,
            0
        ],
        [
            48344793,
            25955309,
            1926599,
            0,
            0
        ],
        [
            48344572,
            25955558,
            1929671,
            0,
            0
        ],
        [
            48344793,
            25955309,
            1932743,
            0,
            0
        ],
        [
            48344889,
            25955514,
            1934590,
            1,
            0
        ]
    ]
]